year,month,co2,co2_deseasonalized
1958,3,315.71,314.44
1958,4,317.45,315.16
1958,5,317.51,314.69
1958,6,317.27,315.15
1958,7,315.87,315.2
1958,8,314.93,316.21
1958,9,313.21,316.11
1958,10,312.42,315.41
1958,11,313.33,315.21
1958,12,314.67,315.43
1959,1,315.58,315.52
1959,2,316.49,315.84
1959,3,316.65,315.37
1959,4,317.72,315.42
1959,5,318.29,315.46
1959,6,318.15,316
1959,7,316.54,315.87
1959,8,314.8,316.09
1959,9,313.84,316.75
1959,10,313.33,316.34
1959,11,314.81,316.69
1959,12,315.58,316.35
1960,1,316.43,316.38
1960,2,316.98,316.33
1960,3,317.58,316.27
1960,4,319.03,316.7
1960,5,320.03,317.19
1960,6,319.58,317.45
1960,7,318.18,317.54
1960,8,315.9,317.22
1960,9,314.17,317.1
1960,10,313.83,316.85
1960,11,315,316.89
1960,12,316.19,316.96
1961,1,316.89,316.84
1961,2,317.7,317.05
1961,3,318.54,317.25
1961,4,319.48,317.16
1961,5,320.58,317.73
1961,6,319.77,317.61
1961,7,318.56,317.89
1961,8,316.79,318.09
1961,9,314.99,317.92
1961,10,315.31,318.34
1961,11,316.1,318
1961,12,317.01,317.78
1962,1,317.94,317.89
1962,2,318.55,317.89
1962,3,319.68,318.39
1962,4,320.57,318.24
1962,5,321.02,318.16
1962,6,320.62,318.45
1962,7,319.61,318.94
1962,8,317.4,318.71
1962,9,316.24,319.18
1962,10,315.42,318.46
1962,11,316.69,318.59
1962,12,317.7,318.47
1963,1,318.74,318.69
1963,2,319.07,318.41
1963,3,319.86,318.57
1963,4,321.38,319.05
1963,5,322.24,319.38
1963,6,321.49,319.31
1963,7,319.74,319.07
1963,8,317.77,319.07
1963,9,316.21,319.16
1963,10,315.99,319.03
1963,11,317.07,318.98
1963,12,318.35,319.13
1964,1,319.57,319.52
1964,2,320.04,319.37
1964,3,320.75,319.41
1964,4,321.84,319.46
1964,5,322.25,319.37
1964,6,321.89,319.73
1964,7,320.44,319.79
1964,8,318.69,320.03
1964,9,316.71,319.67
1964,10,316.87,319.93
1964,11,317.68,319.59
1964,12,318.71,319.49
1965,1,319.44,319.38
1965,2,320.44,319.79
1965,3,320.89,319.59
1965,4,322.14,319.79
1965,5,322.17,319.28
1965,6,321.87,319.68
1965,7,321.21,320.53
1965,8,318.87,320.18
1965,9,317.82,320.78
1965,10,317.3,320.37
1965,11,318.87,320.79
1965,12,319.42,320.2
1966,1,320.62,320.57
1966,2,321.6,320.94
1966,3,322.39,321.08
1966,4,323.7,321.34
1966,5,324.08,321.18
1966,6,323.75,321.55
1966,7,322.37,321.69
1966,8,320.36,321.68
1966,9,318.64,321.61
1966,10,318.1,321.18
1966,11,319.78,321.71
1966,12,321.02,321.81
1967,1,322.33,322.28
1967,2,322.5,321.83
1967,3,323.03,321.72
1967,4,324.41,322.05
1967,5,325,322.09
1967,6,324.09,321.89
1967,7,322.54,321.86
1967,8,320.92,322.24
1967,9,319.25,322.24
1967,10,319.39,322.48
1967,11,320.73,322.66
1967,12,321.96,322.74
1968,1,322.57,322.51
1968,2,323.15,322.48
1968,3,323.89,322.55
1968,4,325.02,322.63
1968,5,325.57,322.66
1968,6,325.36,323.17
1968,7,324.14,323.48
1968,8,322.11,323.46
1968,9,320.33,323.33
1968,10,320.25,323.34
1968,11,321.32,323.26
1968,12,322.89,323.68
1969,1,324,323.95
1969,2,324.41,323.75
1969,3,325.63,324.31
1969,4,326.66,324.28
1969,5,327.38,324.46
1969,6,326.71,324.49
1969,7,325.88,325.19
1969,8,323.66,324.99
1969,9,322.38,325.38
1969,10,321.78,324.89
1969,11,322.85,324.8
1969,12,324.11,324.91
1970,1,325.06,325.01
1970,2,325.99,325.31
1970,3,326.93,325.61
1970,4,328.13,325.75
1970,5,328.08,325.15
1970,6,327.67,325.44
1970,7,326.34,325.65
1970,8,324.68,326.02
1970,9,323.1,326.11
1970,10,323.06,326.18
1970,11,324.01,325.96
1970,12,325.13,325.93
1971,1,326.17,326.12
1971,2,326.69,326.01
1971,3,327.18,325.85
1971,4,327.78,325.39
1971,5,328.93,325.99
1971,6,328.57,326.34
1971,7,327.36,326.67
1971,8,325.43,326.77
1971,9,323.36,326.38
1971,10,323.56,326.69
1971,11,324.8,326.75
1971,12,326.01,326.81
1972,1,326.77,326.71
1972,2,327.63,326.96
1972,3,327.75,326.39
1972,4,329.72,327.3
1972,5,330.07,327.12
1972,6,329.09,326.87
1972,7,328.04,327.38
1972,8,326.32,327.69
1972,9,324.84,327.88
1972,10,325.2,328.33
1972,11,326.5,328.46
1972,12,327.55,328.35
1973,1,328.55,328.49
1973,2,329.57,328.89
1973,3,330.3,328.97
1973,4,331.5,329.1
1973,5,332.48,329.52
1973,6,332.07,329.83
1973,7,330.87,330.18
1973,8,329.31,330.66
1973,9,327.52,330.56
1973,10,327.19,330.33
1973,11,328.17,330.13
1973,12,328.65,329.45
1974,1,329.36,329.3
1974,2,330.71,330.03
1974,3,331.49,330.15
1974,4,332.65,330.24
1974,5,333.19,330.22
1974,6,332.2,329.79
1974,7,331.07,330.21
1974,8,329.15,330.54
1974,9,327.33,330.44
1974,10,327.28,330.53
1974,11,328.31,330.5
1974,12,329.58,330.55
1975,1,330.73,330.84
1975,2,331.46,330.85
1975,3,331.94,330.37
1975,4,333.11,330.53
1975,5,333.95,330.98
1975,6,333.42,331.01
1975,7,331.97,331.12
1975,8,329.95,331.33
1975,9,328.49,331.6
1975,10,328.36,331.61
1975,11,329.38,331.57
1975,12,330.77,331.74
1976,1,331.56,331.67
1976,2,332.74,332.14
1976,3,333.36,331.79
1976,4,334.74,332.16
1976,5,334.72,331.75
1976,6,333.97,331.56
1976,7,333.08,332.23
1976,8,330.68,332.07
1976,9,328.96,332.07
1976,10,328.72,331.98
1976,11,330.16,332.35
1976,12,331.62,332.59
1977,1,332.68,332.77
1977,2,333.17,332.58
1977,3,334.96,333.4
1977,4,336.14,333.54
1977,5,336.93,334
1977,6,336.17,333.79
1977,7,334.89,334.01
1977,8,332.56,333.91
1977,9,331.29,334.36
1977,10,331.28,334.51
1977,11,332.46,334.68
1977,12,333.6,334.58
1978,1,334.94,335.01
1978,2,335.26,334.6
1978,3,336.66,335
1978,4,337.69,335.07
1978,5,338.02,335.08
1978,6,338.01,335.6
1978,7,336.5,335.65
1978,8,334.42,335.87
1978,9,332.36,335.51
1978,10,332.45,335.72
1978,11,333.76,335.99
1978,12,334.91,335.87
1979,1,336.14,336.22
1979,2,336.69,336
1979,3,338.27,336.56
1979,4,338.82,336.11
1979,5,339.24,336.24
1979,6,339.26,336.83
1979,7,337.54,336.69
1979,8,335.72,337.2
1979,9,333.97,337.19
1979,10,334.24,337.57
1979,11,335.32,337.59
1979,12,336.81,337.83
1980,1,337.9,338.13
1980,2,338.34,337.85
1980,3,340.07,338.51
1980,4,340.93,338.31
1980,5,341.45,338.4
1980,6,341.36,338.85
1980,7,339.45,338.56
1980,8,337.67,339.07
1980,9,336.25,339.38
1980,10,336.14,339.4
1980,11,337.3,339.46
1980,12,338.29,339.26
1981,1,339.29,339.42
1981,2,340.55,339.98
1981,3,341.63,340.08
1981,4,342.6,339.98
1981,5,343.04,339.97
1981,6,342.54,340.06
1981,7,340.82,339.92
1981,8,338.48,339.87
1981,9,336.95,340.17
1981,10,337.05,340.39
1981,11,338.58,340.75
1981,12,339.91,340.85
1982,1,340.93,341.09
1982,2,341.76,341.16
1982,3,342.78,341.18
1982,4,343.96,341.32
1982,5,344.77,341.67
1982,6,343.88,341.43
1982,7,342.42,341.61
1982,8,340.24,341.64
1982,9,338.37,341.56
1982,10,338.41,341.77
1982,11,339.44,341.59
1982,12,340.78,341.71
1983,1,341.57,341.75
1983,2,342.78,342.25
1983,3,343.37,341.85
1983,4,345.4,342.76
1983,5,346.14,342.97
1983,6,345.76,343.3
1983,7,344.32,343.56
1983,8,342.51,343.89
1983,9,340.46,343.59
1983,10,340.53,343.86
1983,11,341.79,343.92
1983,12,343.2,344.12
1984,1,344.21,344.32
1984,2,344.92,344.39
1984,3,345.68,344.26
1984,4,347.37,344.75
1984,5,347.77,344.59
1984,6,347.16,344.73
1984,7,345.79,345.02
1984,8,343.74,345.12
1984,9,341.59,344.76
1984,10,341.86,345.19
1984,11,343.31,345.41
1984,12,345,345.88
1985,1,345.48,345.59
1985,2,346.41,345.92
1985,3,347.91,346.56
1985,4,348.66,346.08
1985,5,349.28,346.12
1985,6,348.65,346.23
1985,7,346.9,346.08
1985,8,345.26,346.57
1985,9,343.47,346.59
1985,10,343.35,346.6
1985,11,344.73,346.82
1985,12,346.12,347.04
1986,1,346.78,346.82
1986,2,347.48,346.98
1986,3,348.25,346.93
1986,4,349.86,347.29
1986,5,350.52,347.42
1986,6,349.98,347.61
1986,7,348.25,347.43
1986,8,346.17,347.51
1986,9,345.48,348.61
1986,10,344.82,348.04
1986,11,346.22,348.28
1986,12,347.48,348.36
1987,1,348.73,348.66
1987,2,348.92,348.24
1987,3,349.81,348.39
1987,4,351.4,348.84
1987,5,352.15,349.09
1987,6,351.58,349.29
1987,7,350.21,349.51
1987,8,348.2,349.65
1987,9,346.66,349.85
1987,10,346.72,349.96
1987,11,348.08,350.15
1987,12,349.28,350.14
1988,1,350.51,350.49
1988,2,351.7,350.99
1988,3,352.5,350.99
1988,4,353.67,351.03
1988,5,354.35,351.22
1988,6,353.88,351.55
1988,7,352.8,352.16
1988,8,350.49,352.01
1988,9,348.97,352.18
1988,10,349.37,352.62
1988,11,350.42,352.53
1988,12,351.62,352.52
1989,1,353.07,352.99
1989,2,353.43,352.69
1989,3,354.08,352.6
1989,4,355.72,353.07
1989,5,355.95,352.78
1989,6,355.44,353.06
1989,7,354.05,353.38
1989,8,351.84,353.43
1989,9,350.09,353.37
1989,10,350.33,353.57
1989,11,351.55,353.68
1989,12,352.91,353.84
1990,1,353.86,353.78
1990,2,355.1,354.37
1990,3,355.75,354.27
1990,4,356.38,353.76
1990,5,357.38,354.23
1990,6,356.39,354.02
1990,7,354.89,354.24
1990,8,353.06,354.68
1990,9,351.38,354.69
1990,10,351.69,354.94
1990,11,353.14,355.18
1990,12,354.41,355.26
1991,1,354.93,354.91
1991,2,355.82,355.11
1991,3,357.33,355.79
1991,4,358.77,356.13
1991,5,359.23,356.1
1991,6,358.23,355.88
1991,7,356.3,355.69
1991,8,353.97,355.59
1991,9,352.34,355.66
1991,10,352.43,355.69
1991,11,353.89,355.87
1991,12,355.21,356.02
1992,1,356.34,356.29
1992,2,357.21,356.47
1992,3,357.97,356.38
1992,4,359.22,356.51
1992,5,359.71,356.52
1992,6,359.44,357.07
1992,7,357.15,356.58
1992,8,354.99,356.67
1992,9,353.01,356.36
1992,10,353.4,356.72
1992,11,354.42,356.48
1992,12,355.68,356.5
1993,1,357.1,357.06
1993,2,357.42,356.54
1993,3,358.59,356.88
1993,4,359.39,356.71
1993,5,360.3,357.14
1993,6,359.64,357.24
1993,7,357.45,356.87
1993,8,355.76,357.44
1993,9,354.14,357.51
1993,10,354.23,357.61
1993,11,355.53,357.65
1993,12,357.03,357.92
1994,1,358.36,358.25
1994,2,359.04,358.21
1994,3,360.11,358.41
1994,4,361.36,358.59
1994,5,361.78,358.59
1994,6,360.94,358.57
1994,7,359.51,358.91
1994,8,357.59,359.29
1994,9,355.86,359.31
1994,10,356.21,359.63
1994,11,357.65,359.8
1994,12,359.1,359.96
1995,1,360.04,359.91
1995,2,361,360.18
1995,3,361.98,360.37
1995,4,363.44,360.76
1995,5,363.83,360.73
1995,6,363.33,360.98
1995,7,361.78,361.11
1995,8,359.33,360.93
1995,9,358.32,361.7
1995,10,358.14,361.52
1995,11,359.61,361.75
1995,12,360.82,361.67
1996,1,362.2,361.98
1996,2,363.36,362.47
1996,3,364.28,362.64
1996,4,364.69,361.99
1996,5,365.25,362.23
1996,6,365.06,362.82
1996,7,363.69,362.98
1996,8,361.55,363.13
1996,9,359.69,363.14
1996,10,359.72,363.12
1996,11,361.04,363.18
1996,12,362.39,363.23
1997,1,363.24,363.03
1997,2,364.21,363.4
1997,3,364.65,363.02
1997,4,366.49,363.82
1997,5,366.77,363.87
1997,6,365.73,363.56
1997,7,364.46,363.74
1997,8,362.4,363.98
1997,9,360.44,363.83
1997,10,360.97,364.28
1997,11,362.65,364.71
1997,12,364.51,365.28
1998,1,365.39,365.19
1998,2,366.1,365.29
1998,3,367.36,365.73
1998,4,368.79,366.17
1998,5,369.56,366.68
1998,6,369.13,366.95
1998,7,367.98,367.29
1998,8,366.1,367.69
1998,9,364.16,367.51
1998,10,364.54,367.82
1998,11,365.67,367.7
1998,12,367.3,368.05
1999,1,368.35,368.13
1999,2,369.28,368.46
1999,3,369.84,368.24
1999,4,371.15,368.62
1999,5,371.12,368.31
1999,6,370.46,368.29
1999,7,369.61,368.93
1999,8,367.06,368.63
1999,9,364.95,368.28
1999,10,365.52,368.8
1999,11,366.88,368.86
1999,12,368.26,368.93
2000,1,369.45,369.24
2000,2,369.71,368.99
2000,3,370.75,369.24
2000,4,371.98,369.44
2000,5,371.75,368.87
2000,6,371.87,369.66
2000,7,370.02,369.36
2000,8,368.27,369.87
2000,9,367.15,370.46
2000,10,367.18,370.42
2000,11,368.53,370.48
2000,12,369.83,370.46
2001,1,370.76,370.6
2001,2,371.69,370.95
2001,3,372.63,371.06
2001,4,373.55,370.99
2001,5,374.03,371.11
2001,6,373.4,371.18
2001,7,371.68,371.08
2001,8,369.78,371.39
2001,9,368.34,371.61
2001,10,368.61,371.85
2001,11,369.94,371.92
2001,12,371.42,372.09
2002,1,372.7,372.48
2002,2,373.37,372.49
2002,3,374.3,372.61
2002,4,375.19,372.54
2002,5,375.93,372.98
2002,6,375.69,373.46
2002,7,374.16,373.58
2002,8,372.03,373.7
2002,9,370.92,374.28
2002,10,370.73,374.06
2002,11,372.43,374.52
2002,12,373.98,374.72
2003,1,375.07,374.82
2003,2,375.82,374.95
2003,3,376.64,374.99
2003,4,377.92,375.24
2003,5,378.78,375.73
2003,6,378.46,376.22
2003,7,376.88,376.37
2003,8,374.57,376.27
2003,9,373.34,376.65
2003,10,373.31,376.65
2003,11,374.84,376.99
2003,12,376.17,376.93
2004,1,377.17,376.96
2004,2,378.05,377.19
2004,3,379.06,377.4
2004,4,380.54,377.8
2004,5,380.8,377.66
2004,6,379.87,377.57
2004,7,377.65,377.12
2004,8,376.17,377.9
2004,9,374.43,377.8
2004,10,374.63,377.99
2004,11,376.33,378.49
2004,12,377.68,378.48
2005,1,378.63,378.37
2005,2,379.91,379.1
2005,3,380.95,379.45
2005,4,382.48,379.84
2005,5,382.64,379.49
2005,6,382.4,380.07
2005,7,380.93,380.38
2005,8,378.93,380.61
2005,9,376.89,380.2
2005,10,377.19,380.5
2005,11,378.54,380.69
2005,12,380.31,381.09
2006,1,381.58,381.33
2006,2,382.4,381.58
2006,3,382.86,381.32
2006,4,384.8,382.11
2006,5,385.22,382.06
2006,6,384.24,381.93
2006,7,382.65,382.1
2006,8,380.6,382.27
2006,9,379.04,382.35
2006,10,379.33,382.66
2006,11,380.35,382.52
2006,12,382.02,382.84
2007,1,383.1,382.88
2007,2,384.12,383.22
2007,3,384.81,383.17
2007,4,386.73,383.95
2007,5,386.78,383.56
2007,6,386.33,384.06
2007,7,384.73,384.25
2007,8,382.24,383.95
2007,9,381.2,384.56
2007,10,381.37,384.72
2007,11,382.7,384.9
2007,12,384.19,385.07
2008,1,385.78,385.54
2008,2,386.06,385.2
2008,3,386.28,384.72
2008,4,387.33,384.71
2008,5,388.78,385.69
2008,6,387.99,385.68
2008,7,386.62,386.05
2008,8,384.32,385.98
2008,9,383.41,386.69
2008,10,383.22,386.5
2008,11,384.41,386.58
2008,12,385.79,386.64
2009,1,387.17,386.86
2009,2,387.7,386.81
2009,3,389.04,387.54
2009,4,389.76,387.15
2009,5,390.36,387.24
2009,6,389.7,387.46
2009,7,388.24,387.77
2009,8,386.29,387.99
2009,9,384.95,388.22
2009,10,384.64,387.88
2009,11,386.23,388.36
2009,12,387.63,388.43
2010,1,388.91,388.62
2010,2,390.41,389.47
2010,3,391.37,389.85
2010,4,392.67,390.12
2010,5,393.21,390.09
2010,6,392.38,390.1
2010,7,390.41,389.93
2010,8,388.54,390.21
2010,9,387.03,390.32
2010,10,387.43,390.72
2010,11,388.87,390.99
2010,12,389.99,390.8
2011,1,391.5,391.19
2011,2,392.05,391.12
2011,3,392.8,391.27
2011,4,393.44,390.83
2011,5,394.41,391.24
2011,6,393.95,391.64
2011,7,392.72,392.24
2011,8,390.33,392.04
2011,9,389.28,392.6
2011,10,389.19,392.53
2011,11,390.48,392.64
2011,12,392.06,392.86
2012,1,393.31,393.07
2012,2,394.04,393.2
2012,3,394.59,392.99
2012,4,396.38,393.65
2012,5,396.93,393.73
2012,6,395.91,393.63
2012,7,394.56,394.12
2012,8,392.59,394.37
2012,9,391.32,394.75
2012,10,391.27,394.64
2012,11,393.2,395.25
2012,12,394.57,395.27
2013,1,395.78,395.62
2013,2,397.03,396.23
2013,3,397.66,396.07
2013,4,398.64,395.79
2013,5,400.02,396.64
2013,6,398.81,396.48
2013,7,397.51,397.13
2013,8,395.39,397.27
2013,9,393.72,397.24
2013,10,393.9,397.25
2013,11,395.36,397.35
2013,12,397.03,397.78
2014,1,398.04,397.74
2014,2,398.27,397.45
2014,3,399.91,398.37
2014,4,401.51,398.63
2014,5,401.96,398.56
2014,6,401.43,399.1
2014,7,399.27,398.85
2014,8,397.18,399.07
2014,9,395.54,399.11
2014,10,396.16,399.58
2014,11,397.4,399.49
2014,12,399.08,399.81
2015,1,400.18,399.92
2015,2,400.55,399.77
2015,3,401.74,400.22
2015,4,403.35,400.46
2015,5,404.15,400.7
2015,6,402.97,400.65
2015,7,401.46,401.11
2015,8,399.11,401.04
2015,9,397.82,401.43
2015,10,398.49,401.89
2015,11,400.27,402.24
2015,12,402.06,402.72
2016,1,402.73,402.45
2016,2,404.25,403.4
2016,3,405.06,403.54
2016,4,407.6,404.77
2016,5,407.9,404.41
2016,6,406.99,404.59
2016,7,404.59,404.24
2016,8,402.45,404.41
2016,9,401.23,404.85
2016,10,401.79,405.23
2016,11,403.72,405.74
2016,12,404.64,405.33
2017,1,406.36,406.04
2017,2,406.66,405.8
2017,3,407.54,406.05
2017,4,409.22,406.37
2017,5,409.89,406.37
2017,6,409.08,406.68
2017,7,407.33,407.01
2017,8,405.32,407.31
2017,9,403.57,407.17
2017,10,403.82,407.23
2017,11,405.31,407.36
2017,12,407,407.71
2018,1,408.15,407.83
2018,2,408.52,407.61
2018,3,409.59,408.06
2018,4,410.45,407.65
2018,5,411.44,407.98
2018,6,410.99,408.6
2018,7,408.9,408.6
2018,8,407.16,409.17
2018,9,405.71,409.3
2018,10,406.19,409.56
2018,11,408.21,410.24
2018,12,409.27,409.99
2019,1,411.03,410.69
2019,2,411.96,410.97
2019,3,412.18,410.71
2019,4,413.54,410.92
2019,5,414.86,411.47
2019,6,414.15,411.74
2019,7,411.96,411.64
2019,8,410.17,412.1
2019,9,408.76,412.26
2019,10,408.74,412.09
2019,11,410.47,412.5
2019,12,411.97,412.71
2020,1,413.59,413.22
2020,2,414.32,413.41
2020,3,414.72,413.35
2020,4,416.42,413.92
2020,5,417.28,413.98
2020,6,416.58,414.16
2020,7,414.58,414.19
2020,8,412.75,414.6
2020,9,411.5,414.91
2020,10,411.49,414.79
2020,11,413.1,415.12
2020,12,414.23,414.91
2021,1,415.49,415.23
2021,2,416.72,415.8
2021,3,417.61,416.17
2021,4,419.01,416.58
2021,5,419.09,415.88
2021,6,418.93,416.48
2021,7,416.9,416.48
2021,8,414.42,416.27
2021,9,413.26,416.63
2021,10,413.9,417.14
2021,11,414.97,416.93
2021,12,416.67,417.37
2022,1,418.13,417.86
2022,2,419.24,418.32
2022,3,418.76,417.31
2022,4,420.19,417.67
2022,5,420.97,417.7
2022,6,420.94,418.47
2022,7,418.85,418.41
2022,8,417.15,419.03
2022,9,415.91,419.3
2022,10,415.74,418.97
2022,11,417.47,419.51
2022,12,418.99,419.79
2023,1,419.48,419.19
2023,2,420.31,419.36
2023,3,420.99,419.53
2023,4,423.35,420.84
2023,5,424,420.72
2023,6,423.68,421.24
2023,7,421.83,421.49
2023,8,419.68,421.64
2023,9,418.5,421.92
2023,10,418.82,422.04
2023,11,420.46,422.43
2023,12,421.86,422.59
2024,1,422.8,422.51
2024,2,424.55,423.6
2024,3,425.38,423.92
2024,4,426.51,424
2024,5,426.9,423.62
2024,6,426.91,424.47
2024,7,425.55,425.21
2024,8,422.99,424.95
2024,9,422.03,425.45
2024,10,422.38,425.6
2024,11,423.85,425.82
2024,12,425.4,426.13
2025,1,426.65,426.36
2025,2,427.09,426.14
2025,3,428.15,426.68
2025,4,429.64,427.13
2025,5,430.51,427.23
2025,6,429.61,427.17
2025,7,427.87,427.53
2025,8,425.48,427.44
2025,9,424.37,427.79
2025,10,424.87,428.09
2025,11,426.46,428.42
2025,12,427.49,428.22
2026,1,428.62,428.32
2026,2,429.35,428.4
2026,3,430.15,428.68
2026,4,431.12,428.61
2026,5,432.34,429.06
2026,6,431.43,428.99
2026,7,429.13,428.78
2026,8,427.55,429.51
