year,month,global,nh,sh
1880,1,-0.19,-0.37,-0.01
1880,2,-0.26,-0.52,0.02
1880,3,-0.1,-0.24,0.05
1880,4,-0.17,-0.31,-0.03
1880,5,-0.11,-0.07,-0.14
1880,6,-0.22,-0.17,-0.26
1880,7,-0.19,-0.2,-0.18
1880,8,-0.11,-0.28,0.06
1880,9,-0.15,-0.25,-0.06
1880,10,-0.24,-0.33,-0.16
1880,11,-0.23,-0.44,-0.02
1880,12,-0.18,-0.41,0.04
1881,1,-0.2,-0.31,-0.1
1881,2,-0.15,-0.23,-0.07
1881,3,0.03,-0.04,0.08
1881,4,0.05,0,0.08
1881,5,0.05,0.03,0.08
1881,6,-0.19,-0.34,-0.06
1881,7,0,0.07,-0.09
1881,8,-0.04,-0.05,-0.03
1881,9,-0.16,-0.27,-0.05
1881,10,-0.22,-0.44,-0.02
1881,11,-0.19,-0.37,-0.02
1881,12,-0.08,-0.24,0.08
1882,1,0.16,0.26,0.06
1882,2,0.13,0.2,0.06
1882,3,0.04,0.02,0.06
1882,4,-0.16,-0.3,-0.03
1882,5,-0.14,-0.24,-0.05
1882,6,-0.23,-0.29,-0.16
1882,7,-0.17,-0.28,-0.05
1882,8,-0.08,-0.17,0
1882,9,-0.15,-0.26,-0.05
1882,10,-0.24,-0.52,0.03
1882,11,-0.17,-0.34,-0.02
1882,12,-0.37,-0.69,-0.08
1883,1,-0.3,-0.58,-0.03
1883,2,-0.37,-0.66,-0.09
1883,3,-0.13,-0.16,-0.1
1883,4,-0.19,-0.3,-0.08
1883,5,-0.18,-0.25,-0.11
1883,6,-0.07,-0.11,-0.03
1883,7,-0.08,-0.06,-0.09
1883,8,-0.14,-0.23,-0.06
1883,9,-0.22,-0.34,-0.11
1883,10,-0.11,-0.16,-0.06
1883,11,-0.25,-0.45,-0.05
1883,12,-0.12,-0.15,-0.07
1884,1,-0.13,-0.17,-0.09
1884,2,-0.08,-0.11,-0.06
1884,3,-0.36,-0.64,-0.11
1884,4,-0.4,-0.58,-0.22
1884,5,-0.34,-0.36,-0.32
1884,6,-0.35,-0.42,-0.3
1884,7,-0.31,-0.41,-0.22
1884,8,-0.28,-0.52,-0.07
1884,9,-0.27,-0.45,-0.11
1884,10,-0.25,-0.45,-0.07
1884,11,-0.34,-0.58,-0.11
1884,12,-0.31,-0.47,-0.16
1885,1,-0.59,-1.01,-0.21
1885,2,-0.34,-0.46,-0.24
1885,3,-0.27,-0.25,-0.31
1885,4,-0.42,-0.49,-0.37
1885,5,-0.46,-0.59,-0.33
1885,6,-0.44,-0.46,-0.43
1885,7,-0.34,-0.35,-0.34
1885,8,-0.32,-0.42,-0.22
1885,9,-0.29,-0.4,-0.19
1885,10,-0.24,-0.37,-0.13
1885,11,-0.25,-0.39,-0.12
1885,12,-0.11,-0.13,-0.1
1886,1,-0.45,-0.75,-0.15
1886,2,-0.51,-0.85,-0.21
1886,3,-0.44,-0.72,-0.17
1886,4,-0.29,-0.38,-0.21
1886,5,-0.25,-0.35,-0.16
1886,6,-0.35,-0.39,-0.32
1886,7,-0.18,-0.15,-0.22
1886,8,-0.31,-0.44,-0.19
1886,9,-0.24,-0.34,-0.15
1886,10,-0.28,-0.32,-0.25
1886,11,-0.28,-0.41,-0.16
1886,12,-0.26,-0.22,-0.29
1887,1,-0.72,-1.09,-0.37
1887,2,-0.57,-0.71,-0.45
1887,3,-0.36,-0.44,-0.28
1887,4,-0.35,-0.39,-0.32
1887,5,-0.31,-0.26,-0.35
1887,6,-0.25,-0.22,-0.28
1887,7,-0.26,-0.25,-0.28
1887,8,-0.36,-0.56,-0.17
1887,9,-0.26,-0.22,-0.3
1887,10,-0.36,-0.49,-0.23
1887,11,-0.26,-0.27,-0.26
1887,12,-0.34,-0.43,-0.24
1888,1,-0.34,-0.48,-0.21
1888,2,-0.37,-0.62,-0.14
1888,3,-0.42,-0.64,-0.22
1888,4,-0.21,-0.23,-0.2
1888,5,-0.23,-0.16,-0.29
1888,6,-0.18,-0.04,-0.31
1888,7,-0.11,-0.01,-0.21
1888,8,-0.16,-0.23,-0.1
1888,9,-0.12,-0.21,-0.05
1888,10,0.01,-0.04,0.06
1888,11,0.02,-0.02,0.06
1888,12,-0.05,-0.25,0.14
1889,1,-0.1,-0.29,0.07
1889,2,0.16,0.28,0.02
1889,3,0.05,-0.03,0.12
1889,4,0.08,0.15,0.02
1889,5,-0.02,-0.05,0.01
1889,6,-0.11,-0.08,-0.13
1889,7,-0.08,-0.09,-0.07
1889,8,-0.21,-0.22,-0.2
1889,9,-0.24,-0.31,-0.17
1889,10,-0.26,-0.42,-0.1
1889,11,-0.34,-0.62,-0.07
1889,12,-0.29,-0.55,-0.05
1890,1,-0.43,-0.65,-0.22
1890,2,-0.46,-0.59,-0.33
1890,3,-0.41,-0.48,-0.34
1890,4,-0.3,-0.25,-0.35
1890,5,-0.4,-0.36,-0.44
1890,6,-0.25,-0.17,-0.33
1890,7,-0.29,-0.25,-0.33
1890,8,-0.4,-0.41,-0.39
1890,9,-0.37,-0.36,-0.38
1890,10,-0.26,-0.11,-0.4
1890,11,-0.45,-0.65,-0.26
1890,12,-0.32,-0.48,-0.17
1891,1,-0.34,-0.47,-0.22
1891,2,-0.47,-0.67,-0.26
1891,3,-0.18,-0.16,-0.21
1891,4,-0.28,-0.36,-0.2
1891,5,-0.17,-0.16,-0.18
1891,6,-0.21,-0.14,-0.29
1891,7,-0.18,-0.13,-0.24
1891,8,-0.18,-0.13,-0.22
1891,9,-0.16,-0.08,-0.24
1891,10,-0.22,-0.28,-0.16
1891,11,-0.32,-0.53,-0.11
1891,12,-0.04,-0.03,-0.06
1892,1,-0.3,-0.5,-0.1
1892,2,-0.12,-0.19,-0.06
1892,3,-0.4,-0.67,-0.14
1892,4,-0.34,-0.45,-0.22
1892,5,-0.23,-0.23,-0.23
1892,6,-0.22,-0.06,-0.38
1892,7,-0.32,-0.38,-0.26
1892,8,-0.27,-0.34,-0.21
1892,9,-0.17,-0.21,-0.13
1892,10,-0.14,-0.27,-0.01
1892,11,-0.43,-0.83,-0.04
1892,12,-0.4,-0.68,-0.13
1893,1,-0.81,-1.51,-0.14
1893,2,-0.57,-0.97,-0.18
1893,3,-0.23,-0.33,-0.13
1893,4,-0.28,-0.31,-0.25
1893,5,-0.34,-0.44,-0.25
1893,6,-0.26,-0.18,-0.33
1893,7,-0.14,-0.14,-0.15
1893,8,-0.25,-0.35,-0.17
1893,9,-0.22,-0.29,-0.17
1893,10,-0.18,-0.28,-0.08
1893,11,-0.19,-0.34,-0.04
1893,12,-0.32,-0.61,-0.04
1894,1,-0.53,-0.92,-0.15
1894,2,-0.3,-0.43,-0.16
1894,3,-0.24,-0.22,-0.24
1894,4,-0.45,-0.54,-0.36
1894,5,-0.32,-0.27,-0.36
1894,6,-0.41,-0.42,-0.4
1894,7,-0.24,-0.21,-0.27
1894,8,-0.24,-0.27,-0.2
1894,9,-0.28,-0.33,-0.23
1894,10,-0.23,-0.28,-0.18
1894,11,-0.26,-0.48,-0.04
1894,12,-0.21,-0.36,-0.07
1895,1,-0.41,-0.7,-0.14
1895,2,-0.43,-0.8,-0.07
1895,3,-0.33,-0.5,-0.17
1895,4,-0.22,-0.19,-0.25
1895,5,-0.27,-0.3,-0.24
1895,6,-0.21,-0.21,-0.21
1895,7,-0.17,-0.19,-0.15
1895,8,-0.17,-0.28,-0.06
1895,9,-0.12,-0.06,-0.18
1895,10,-0.11,-0.09,-0.12
1895,11,-0.17,-0.13,-0.21
1895,12,-0.15,-0.23,-0.06
1896,1,-0.23,-0.37,-0.09
1896,2,-0.13,-0.19,-0.08
1896,3,-0.27,-0.5,-0.04
1896,4,-0.31,-0.61,-0.02
1896,5,-0.16,-0.17,-0.16
1896,6,-0.12,0.07,-0.29
1896,7,-0.03,-0.01,-0.05
1896,8,-0.06,-0.12,0
1896,9,-0.08,-0.13,-0.02
1896,10,0.06,0.04,0.08
1896,11,-0.05,-0.21,0.11
1896,12,-0.05,-0.22,0.12
1897,1,-0.16,-0.4,0.08
1897,2,-0.17,-0.42,0.07
1897,3,-0.14,-0.4,0.11
1897,4,-0.03,-0.06,-0.01
1897,5,-0.02,0.13,-0.16
1897,6,-0.12,-0.08,-0.16
1897,7,-0.03,0.03,-0.08
1897,8,-0.1,-0.07,-0.12
1897,9,-0.09,-0.07,-0.1
1897,10,-0.13,-0.16,-0.1
1897,11,-0.19,-0.26,-0.11
1897,12,-0.21,-0.29,-0.14
1898,1,-0.03,0.04,-0.11
1898,2,-0.31,-0.45,-0.17
1898,3,-0.52,-0.8,-0.24
1898,4,-0.31,-0.29,-0.34
1898,5,-0.31,-0.28,-0.34
1898,6,-0.2,-0.09,-0.3
1898,7,-0.23,-0.12,-0.33
1898,8,-0.27,-0.18,-0.36
1898,9,-0.22,-0.18,-0.26
1898,10,-0.35,-0.37,-0.32
1898,11,-0.39,-0.52,-0.27
1898,12,-0.24,-0.27,-0.21
1899,1,-0.17,-0.13,-0.21
1899,2,-0.39,-0.64,-0.14
1899,3,-0.37,-0.59,-0.15
1899,4,-0.21,-0.23,-0.19
1899,5,-0.23,-0.25,-0.22
1899,6,-0.32,-0.36,-0.27
1899,7,-0.16,-0.17,-0.16
1899,8,-0.09,-0.07,-0.11
1899,9,-0.05,-0.05,-0.05
1899,10,-0.04,0.04,-0.12
1899,11,0.12,0.35,-0.1
1899,12,-0.27,-0.47,-0.07
1900,1,-0.37,-0.63,-0.11
1900,2,-0.06,-0.14,0.02
1900,3,0,0.05,-0.05
1900,4,-0.1,-0.11,-0.09
1900,5,-0.09,-0.04,-0.14
1900,6,-0.1,-0.11,-0.09
1900,7,-0.13,-0.12,-0.14
1900,8,-0.09,-0.08,-0.08
1900,9,-0.06,-0.03,-0.07
1900,10,0.09,0.23,-0.02
1900,11,-0.07,-0.12,-0.01
1900,12,-0.07,-0.03,-0.11
1901,1,-0.22,-0.34,-0.12
1901,2,-0.11,-0.1,-0.13
1901,3,0.06,0.27,-0.15
1901,4,-0.03,0.1,-0.16
1901,5,-0.15,-0.11,-0.18
1901,6,-0.12,0.01,-0.25
1901,7,-0.15,0.01,-0.3
1901,8,-0.2,-0.16,-0.24
1901,9,-0.23,-0.28,-0.17
1901,10,-0.29,-0.32,-0.26
1901,11,-0.17,-0.2,-0.14
1901,12,-0.28,-0.4,-0.15
1902,1,-0.17,-0.14,-0.19
1902,2,-0.09,-0.03,-0.15
1902,3,-0.28,-0.37,-0.18
1902,4,-0.28,-0.38,-0.19
1902,5,-0.33,-0.4,-0.25
1902,6,-0.32,-0.4,-0.23
1902,7,-0.28,-0.34,-0.23
1902,8,-0.3,-0.3,-0.31
1902,9,-0.29,-0.34,-0.24
1902,10,-0.3,-0.32,-0.27
1902,11,-0.37,-0.48,-0.27
1902,12,-0.43,-0.61,-0.24
1903,1,-0.25,-0.24,-0.25
1903,2,-0.07,0.1,-0.23
1903,3,-0.24,-0.17,-0.31
1903,4,-0.42,-0.47,-0.36
1903,5,-0.4,-0.44,-0.37
1903,6,-0.43,-0.46,-0.39
1903,7,-0.35,-0.43,-0.28
1903,8,-0.45,-0.56,-0.35
1903,9,-0.49,-0.49,-0.5
1903,10,-0.47,-0.46,-0.48
1903,11,-0.42,-0.41,-0.45
1903,12,-0.52,-0.57,-0.47
1904,1,-0.64,-0.77,-0.53
1904,2,-0.59,-0.61,-0.58
1904,3,-0.52,-0.46,-0.58
1904,4,-0.51,-0.51,-0.52
1904,5,-0.52,-0.44,-0.6
1904,6,-0.49,-0.49,-0.49
1904,7,-0.52,-0.59,-0.44
1904,8,-0.5,-0.55,-0.44
1904,9,-0.56,-0.64,-0.49
1904,10,-0.4,-0.39,-0.4
1904,11,-0.19,-0.09,-0.27
1904,12,-0.34,-0.35,-0.33
1905,1,-0.36,-0.42,-0.29
1905,2,-0.6,-0.82,-0.37
1905,3,-0.22,-0.23,-0.21
1905,4,-0.34,-0.46,-0.22
1905,5,-0.3,-0.29,-0.3
1905,6,-0.29,-0.28,-0.27
1905,7,-0.27,-0.22,-0.3
1905,8,-0.2,-0.24,-0.16
1905,9,-0.19,-0.19,-0.18
1905,10,-0.25,-0.27,-0.22
1905,11,-0.08,0.09,-0.22
1905,12,-0.14,-0.17,-0.09
1906,1,-0.29,-0.56,0
1906,2,-0.3,-0.53,-0.06
1906,3,-0.19,-0.2,-0.18
1906,4,-0.06,0.04,-0.16
1906,5,-0.26,-0.25,-0.28
1906,6,-0.2,-0.11,-0.28
1906,7,-0.23,-0.26,-0.2
1906,8,-0.2,-0.17,-0.23
1906,9,-0.28,-0.24,-0.33
1906,10,-0.2,-0.17,-0.24
1906,11,-0.38,-0.4,-0.36
1906,12,-0.15,0.03,-0.35
1907,1,-0.43,-0.58,-0.29
1907,2,-0.51,-0.72,-0.31
1907,3,-0.27,-0.3,-0.25
1907,4,-0.37,-0.45,-0.3
1907,5,-0.46,-0.58,-0.35
1907,6,-0.42,-0.51,-0.34
1907,7,-0.35,-0.4,-0.31
1907,8,-0.35,-0.39,-0.3
1907,9,-0.34,-0.4,-0.29
1907,10,-0.23,-0.19,-0.26
1907,11,-0.47,-0.55,-0.38
1907,12,-0.47,-0.57,-0.37
1908,1,-0.45,-0.55,-0.36
1908,2,-0.33,-0.28,-0.38
1908,3,-0.56,-0.7,-0.41
1908,4,-0.45,-0.48,-0.42
1908,5,-0.38,-0.3,-0.47
1908,6,-0.39,-0.31,-0.48
1908,7,-0.36,-0.36,-0.36
1908,8,-0.47,-0.58,-0.36
1908,9,-0.36,-0.31,-0.42
1908,10,-0.44,-0.45,-0.44
1908,11,-0.52,-0.63,-0.42
1908,12,-0.5,-0.56,-0.45
1909,1,-0.74,-0.95,-0.52
1909,2,-0.47,-0.46,-0.48
1909,3,-0.55,-0.68,-0.42
1909,4,-0.6,-0.66,-0.54
1909,5,-0.55,-0.5,-0.6
1909,6,-0.52,-0.52,-0.53
1909,7,-0.46,-0.45,-0.46
1909,8,-0.34,-0.36,-0.33
1909,9,-0.39,-0.38,-0.42
1909,10,-0.4,-0.33,-0.47
1909,11,-0.33,-0.12,-0.54
1909,12,-0.57,-0.57,-0.57
1910,1,-0.43,-0.36,-0.51
1910,2,-0.42,-0.38,-0.46
1910,3,-0.51,-0.5,-0.53
1910,4,-0.43,-0.41,-0.46
1910,5,-0.35,-0.31,-0.4
1910,6,-0.4,-0.46,-0.33
1910,7,-0.35,-0.39,-0.32
1910,8,-0.37,-0.41,-0.34
1910,9,-0.39,-0.43,-0.35
1910,10,-0.41,-0.31,-0.52
1910,11,-0.58,-0.62,-0.55
1910,12,-0.68,-0.82,-0.55
1911,1,-0.63,-0.7,-0.55
1911,2,-0.59,-0.6,-0.58
1911,3,-0.61,-0.63,-0.59
1911,4,-0.55,-0.47,-0.63
1911,5,-0.52,-0.46,-0.59
1911,6,-0.51,-0.35,-0.67
1911,7,-0.43,-0.39,-0.47
1911,8,-0.44,-0.44,-0.45
1911,9,-0.41,-0.39,-0.44
1911,10,-0.27,-0.19,-0.35
1911,11,-0.22,-0.21,-0.24
1911,12,-0.23,-0.31,-0.13
1912,1,-0.28,-0.37,-0.18
1912,2,-0.17,-0.18,-0.15
1912,3,-0.4,-0.62,-0.17
1912,4,-0.19,-0.17,-0.2
1912,5,-0.22,-0.14,-0.29
1912,6,-0.25,-0.15,-0.34
1912,7,-0.43,-0.53,-0.32
1912,8,-0.55,-0.78,-0.31
1912,9,-0.58,-0.81,-0.34
1912,10,-0.59,-0.85,-0.31
1912,11,-0.4,-0.52,-0.28
1912,12,-0.44,-0.58,-0.3
1913,1,-0.42,-0.57,-0.26
1913,2,-0.47,-0.65,-0.28
1913,3,-0.44,-0.48,-0.4
1913,4,-0.41,-0.51,-0.31
1913,5,-0.45,-0.56,-0.33
1913,6,-0.46,-0.5,-0.41
1913,7,-0.37,-0.53,-0.21
1913,8,-0.34,-0.47,-0.2
1913,9,-0.35,-0.43,-0.27
1913,10,-0.33,-0.4,-0.25
1913,11,-0.21,-0.15,-0.26
1913,12,-0.04,0.1,-0.18
1914,1,0.02,0.16,-0.11
1914,2,-0.11,-0.11,-0.12
1914,3,-0.26,-0.36,-0.15
1914,4,-0.31,-0.39,-0.22
1914,5,-0.22,-0.19,-0.24
1914,6,-0.26,-0.24,-0.29
1914,7,-0.25,-0.35,-0.15
1914,8,-0.17,-0.29,-0.06
1914,9,-0.18,-0.31,-0.05
1914,10,-0.04,-0.01,-0.06
1914,11,-0.17,-0.23,-0.1
1914,12,-0.05,-0.06,-0.03
1915,1,-0.22,-0.27,-0.15
1915,2,-0.04,-0.09,0.01
1915,3,-0.11,-0.24,0.03
1915,4,0.06,0.07,0.04
1915,5,-0.06,-0.01,-0.11
1915,6,-0.23,-0.13,-0.31
1915,7,-0.13,-0.1,-0.15
1915,8,-0.23,-0.16,-0.28
1915,9,-0.21,-0.21,-0.2
1915,10,-0.25,-0.27,-0.22
1915,11,-0.14,-0.04,-0.24
1915,12,-0.22,-0.24,-0.2
1916,1,-0.14,-0.1,-0.17
1916,2,-0.15,-0.17,-0.14
1916,3,-0.29,-0.4,-0.19
1916,4,-0.31,-0.35,-0.28
1916,5,-0.36,-0.38,-0.34
1916,6,-0.5,-0.52,-0.48
1916,7,-0.37,-0.34,-0.41
1916,8,-0.28,-0.38,-0.21
1916,9,-0.36,-0.49,-0.25
1916,10,-0.33,-0.35,-0.33
1916,11,-0.47,-0.47,-0.5
1916,12,-0.82,-1.13,-0.53
1917,1,-0.57,-0.53,-0.64
1917,2,-0.63,-0.69,-0.59
1917,3,-0.63,-0.75,-0.54
1917,4,-0.55,-0.65,-0.48
1917,5,-0.56,-0.74,-0.39
1917,6,-0.44,-0.49,-0.4
1917,7,-0.26,-0.33,-0.2
1917,8,-0.23,-0.41,-0.07
1917,9,-0.23,-0.31,-0.17
1917,10,-0.45,-0.63,-0.28
1917,11,-0.34,-0.32,-0.38
1917,12,-0.68,-1.06,-0.31
1918,1,-0.48,-0.7,-0.29
1918,2,-0.35,-0.47,-0.25
1918,3,-0.26,-0.27,-0.27
1918,4,-0.45,-0.6,-0.32
1918,5,-0.43,-0.5,-0.38
1918,6,-0.37,-0.46,-0.29
1918,7,-0.32,-0.35,-0.3
1918,8,-0.32,-0.37,-0.28
1918,9,-0.17,-0.25,-0.1
1918,10,-0.06,-0.05,-0.07
1918,11,-0.12,-0.23,0.01
1918,12,-0.3,-0.56,-0.02
1919,1,-0.2,-0.38,-0.02
1919,2,-0.24,-0.4,-0.07
1919,3,-0.21,-0.38,-0.04
1919,4,-0.13,-0.24,-0.03
1919,5,-0.28,-0.42,-0.14
1919,6,-0.36,-0.39,-0.32
1919,7,-0.29,-0.34,-0.25
1919,8,-0.33,-0.31,-0.38
1919,9,-0.25,-0.19,-0.32
1919,10,-0.2,-0.09,-0.32
1919,11,-0.42,-0.48,-0.36
1919,12,-0.43,-0.56,-0.3
1920,1,-0.26,-0.16,-0.35
1920,2,-0.27,-0.29,-0.25
1920,3,-0.12,0,-0.26
1920,4,-0.25,-0.21,-0.28
1920,5,-0.27,-0.21,-0.33
1920,6,-0.36,-0.26,-0.45
1920,7,-0.31,-0.26,-0.35
1920,8,-0.26,-0.32,-0.21
1920,9,-0.22,-0.35,-0.08
1920,10,-0.27,-0.4,-0.14
1920,11,-0.28,-0.46,-0.1
1920,12,-0.47,-0.72,-0.22
1921,1,-0.05,0.18,-0.29
1921,2,-0.18,-0.09,-0.28
1921,3,-0.23,-0.11,-0.37
1921,4,-0.3,-0.17,-0.44
1921,5,-0.3,-0.24,-0.36
1921,6,-0.27,-0.15,-0.39
1921,7,-0.15,-0.03,-0.27
1921,8,-0.27,-0.3,-0.23
1921,9,-0.19,-0.18,-0.19
1921,10,-0.03,0,-0.05
1921,11,-0.15,-0.11,-0.18
1921,12,-0.18,-0.13,-0.23
1922,1,-0.34,-0.39,-0.29
1922,2,-0.45,-0.63,-0.27
1922,3,-0.15,-0.11,-0.2
1922,4,-0.23,-0.16,-0.31
1922,5,-0.33,-0.18,-0.48
1922,6,-0.31,-0.15,-0.46
1922,7,-0.27,-0.28,-0.28
1922,8,-0.33,-0.37,-0.3
1922,9,-0.35,-0.42,-0.29
1922,10,-0.31,-0.3,-0.34
1922,11,-0.14,-0.12,-0.18
1922,12,-0.2,-0.16,-0.25
1923,1,-0.27,-0.17,-0.38
1923,2,-0.39,-0.47,-0.32
1923,3,-0.34,-0.39,-0.29
1923,4,-0.41,-0.53,-0.29
1923,5,-0.34,-0.39,-0.29
1923,6,-0.29,-0.25,-0.34
1923,7,-0.31,-0.3,-0.33
1923,8,-0.34,-0.29,-0.38
1923,9,-0.31,-0.17,-0.43
1923,10,-0.13,0.07,-0.32
1923,11,-0.02,0.16,-0.2
1923,12,-0.04,0.11,-0.17
1924,1,-0.22,-0.27,-0.17
1924,2,-0.23,-0.19,-0.25
1924,3,-0.09,0.03,-0.19
1924,4,-0.3,-0.26,-0.33
1924,5,-0.18,-0.06,-0.3
1924,6,-0.26,-0.2,-0.32
1924,7,-0.29,-0.22,-0.35
1924,8,-0.36,-0.27,-0.45
1924,9,-0.32,-0.22,-0.41
1924,10,-0.35,-0.23,-0.47
1924,11,-0.2,0.12,-0.53
1924,12,-0.43,-0.36,-0.51
1925,1,-0.38,-0.27,-0.51
1925,2,-0.39,-0.36,-0.43
1925,3,-0.27,-0.22,-0.33
1925,4,-0.26,-0.16,-0.36
1925,5,-0.29,-0.22,-0.36
1925,6,-0.33,-0.26,-0.38
1925,7,-0.27,-0.26,-0.27
1925,8,-0.21,-0.21,-0.2
1925,9,-0.2,-0.05,-0.33
1925,10,-0.17,-0.09,-0.24
1925,11,0.05,0.23,-0.12
1925,12,0.06,0.23,-0.09
1926,1,0.21,0.54,-0.11
1926,2,0.02,0.19,-0.13
1926,3,0.11,0.38,-0.15
1926,4,-0.13,-0.13,-0.12
1926,5,-0.23,-0.22,-0.22
1926,6,-0.26,-0.21,-0.29
1926,7,-0.27,-0.2,-0.33
1926,8,-0.13,-0.07,-0.19
1926,9,-0.14,-0.03,-0.23
1926,10,-0.11,0.07,-0.27
1926,11,-0.07,0.16,-0.28
1926,12,-0.3,-0.3,-0.28
1927,1,-0.27,-0.29,-0.26
1927,2,-0.18,-0.07,-0.28
1927,3,-0.39,-0.47,-0.3
1927,4,-0.31,-0.26,-0.35
1927,5,-0.26,-0.14,-0.38
1927,6,-0.28,-0.15,-0.4
1927,7,-0.19,-0.09,-0.3
1927,8,-0.24,-0.16,-0.31
1927,9,-0.12,0.03,-0.27
1927,10,-0.01,0.25,-0.25
1927,11,-0.06,0.1,-0.2
1927,12,-0.33,-0.37,-0.27
1928,1,-0.02,0.26,-0.29
1928,2,-0.09,0.08,-0.26
1928,3,-0.25,-0.23,-0.26
1928,4,-0.29,-0.32,-0.24
1928,5,-0.3,-0.17,-0.41
1928,6,-0.39,-0.33,-0.44
1928,7,-0.2,-0.11,-0.28
1928,8,-0.22,-0.19,-0.26
1928,9,-0.21,-0.15,-0.26
1928,10,-0.19,-0.09,-0.29
1928,11,-0.1,0.04,-0.23
1928,12,-0.16,-0.03,-0.29
1929,1,-0.45,-0.56,-0.34
1929,2,-0.58,-0.79,-0.37
1929,3,-0.33,-0.19,-0.46
1929,4,-0.42,-0.35,-0.48
1929,5,-0.38,-0.27,-0.48
1929,6,-0.43,-0.4,-0.47
1929,7,-0.37,-0.36,-0.38
1929,8,-0.33,-0.21,-0.43
1929,9,-0.25,-0.21,-0.29
1929,10,-0.14,-0.02,-0.26
1929,11,-0.12,-0.03,-0.19
1929,12,-0.55,-0.66,-0.42
1930,1,-0.31,-0.13,-0.48
1930,2,-0.27,-0.19,-0.35
1930,3,-0.11,0.12,-0.34
1930,4,-0.25,-0.15,-0.34
1930,5,-0.24,-0.2,-0.28
1930,6,-0.22,-0.12,-0.31
1930,7,-0.21,-0.04,-0.37
1930,8,-0.15,0.01,-0.3
1930,9,-0.15,-0.02,-0.27
1930,10,-0.12,0.02,-0.23
1930,11,0.17,0.44,-0.07
1930,12,-0.06,0.08,-0.18
1931,1,-0.11,0.01,-0.19
1931,2,-0.2,-0.22,-0.16
1931,3,-0.11,-0.06,-0.12
1931,4,-0.23,-0.2,-0.23
1931,5,-0.2,-0.14,-0.22
1931,6,-0.08,0.15,-0.29
1931,7,-0.04,0.07,-0.13
1931,8,-0.04,0.09,-0.16
1931,9,-0.07,0.18,-0.29
1931,10,0.06,0.37,-0.25
1931,11,-0.06,0.25,-0.36
1931,12,-0.05,0.1,-0.2
1932,1,0.15,0.39,-0.09
1932,2,-0.17,-0.19,-0.16
1932,3,-0.18,-0.21,-0.16
1932,4,-0.06,0.1,-0.21
1932,5,-0.18,-0.11,-0.25
1932,6,-0.29,-0.15,-0.41
1932,7,-0.25,-0.15,-0.34
1932,8,-0.22,-0.08,-0.34
1932,9,-0.11,0.1,-0.3
1932,10,-0.09,0.14,-0.31
1932,11,-0.27,-0.33,-0.22
1932,12,-0.27,-0.22,-0.31
1933,1,-0.24,-0.19,-0.27
1933,2,-0.3,-0.3,-0.28
1933,3,-0.29,-0.31,-0.27
1933,4,-0.24,-0.17,-0.32
1933,5,-0.29,-0.26,-0.32
1933,6,-0.34,-0.32,-0.37
1933,7,-0.22,-0.14,-0.3
1933,8,-0.24,-0.15,-0.33
1933,9,-0.29,-0.28,-0.31
1933,10,-0.25,-0.17,-0.33
1933,11,-0.31,-0.24,-0.38
1933,12,-0.45,-0.55,-0.36
1934,1,-0.21,-0.15,-0.3
1934,2,-0.03,0.32,-0.4
1934,3,-0.29,-0.27,-0.32
1934,4,-0.31,-0.29,-0.33
1934,5,-0.1,0.07,-0.27
1934,6,-0.15,-0.02,-0.27
1934,7,-0.11,-0.05,-0.17
1934,8,-0.12,-0.11,-0.14
1934,9,-0.15,-0.14,-0.16
1934,10,-0.07,0.12,-0.25
1934,11,0.03,0.26,-0.21
1934,12,-0.03,0.17,-0.23
1935,1,-0.34,-0.41,-0.27
1935,2,0.14,0.56,-0.3
1935,3,-0.14,0.03,-0.32
1935,4,-0.38,-0.36,-0.39
1935,5,-0.29,-0.29,-0.29
1935,6,-0.27,-0.16,-0.38
1935,7,-0.22,-0.05,-0.38
1935,8,-0.22,-0.07,-0.36
1935,9,-0.21,-0.06,-0.34
1935,10,-0.06,0.11,-0.22
1935,11,-0.26,-0.32,-0.19
1935,12,-0.17,-0.17,-0.17
1936,1,-0.28,-0.29,-0.26
1936,2,-0.38,-0.51,-0.24
1936,3,-0.21,-0.13,-0.29
1936,4,-0.21,-0.07,-0.34
1936,5,-0.16,-0.01,-0.31
1936,6,-0.22,0.03,-0.47
1936,7,-0.1,0.07,-0.28
1936,8,-0.14,0.01,-0.28
1936,9,-0.09,0.06,-0.24
1936,10,-0.03,0.07,-0.13
1936,11,0.01,0.14,-0.13
1936,12,-0.01,0.14,-0.18
1937,1,-0.08,0.08,-0.24
1937,2,0.03,0.24,-0.18
1937,3,-0.21,-0.23,-0.18
1937,4,-0.16,-0.07,-0.25
1937,5,-0.06,0.11,-0.23
1937,6,-0.05,0.14,-0.24
1937,7,-0.04,0.14,-0.21
1937,8,0.01,0.15,-0.12
1937,9,0.09,0.28,-0.1
1937,10,0.08,0.32,-0.16
1937,11,0.07,0.23,-0.08
1937,12,-0.08,-0.01,-0.14
1938,1,0.08,0.35,-0.19
1938,2,0.03,0.28,-0.22
1938,3,0.1,0.34,-0.16
1938,4,0.06,0.31,-0.2
1938,5,-0.1,0.02,-0.22
1938,6,-0.17,-0.07,-0.28
1938,7,-0.1,-0.03,-0.18
1938,8,-0.06,0.07,-0.21
1938,9,0.01,0.14,-0.15
1938,10,0.14,0.31,-0.04
1938,11,0.07,0.3,-0.18
1938,12,-0.13,-0.13,-0.14
1939,1,-0.06,0.02,-0.15
1939,2,-0.07,-0.02,-0.13
1939,3,-0.18,-0.25,-0.12
1939,4,-0.1,-0.09,-0.13
1939,5,-0.05,0,-0.1
1939,6,-0.07,-0.01,-0.14
1939,7,-0.06,0.05,-0.16
1939,8,-0.07,0.07,-0.19
1939,9,-0.08,0.12,-0.27
1939,10,-0.04,0.07,-0.15
1939,11,0.07,0.24,-0.11
1939,12,0.42,0.77,0.09
1940,1,-0.01,-0.11,0.11
1940,2,0.08,0.14,0.03
1940,3,0.09,0.02,0.16
1940,4,0.17,0.27,0.08
1940,5,0.11,0.15,0.07
1940,6,0.11,0.16,0.07
1940,7,0.12,0.14,0.1
1940,8,0.06,0.06,0.09
1940,9,0.15,0.25,0.07
1940,10,0.11,0.27,-0.03
1940,11,0.16,0.29,0.06
1940,12,0.31,0.35,0.29
1941,1,0.17,0.17,0.19
1941,2,0.3,0.46,0.16
1941,3,0.1,0.12,0.1
1941,4,0.16,0.12,0.22
1941,5,0.16,0.23,0.13
1941,6,0.12,0.2,0.08
1941,7,0.21,0.25,0.21
1941,8,0.14,0.18,0.13
1941,9,0.02,0.1,-0.03
1941,10,0.35,0.5,0.22
1941,11,0.22,0.17,0.28
1941,12,0.21,0.19,0.25
1942,1,0.29,0.39,0.18
1942,2,0.02,-0.09,0.14
1942,3,0.05,-0.01,0.11
1942,4,0.09,0.08,0.1
1942,5,0.11,0.16,0.06
1942,6,0.04,0.1,0
1942,7,0,-0.02,0
1942,8,-0.04,-0.09,0
1942,9,-0.03,0.1,-0.16
1942,10,0.01,0.27,-0.25
1942,11,0.09,0.25,-0.09
1942,12,0.11,0.25,-0.04
1943,1,-0.01,-0.1,0.06
1943,2,0.17,0.38,-0.05
1943,3,-0.04,-0.01,-0.08
1943,4,0.11,0.31,-0.11
1943,5,0.06,0.22,-0.1
1943,6,-0.05,-0.07,-0.04
1943,7,0.08,-0.03,0.18
1943,8,0,0.1,-0.08
1943,9,0.05,0.13,-0.04
1943,10,0.23,0.46,0
1943,11,0.2,0.36,0.03
1943,12,0.23,0.37,0.08
1944,1,0.36,0.62,0.08
1944,2,0.24,0.43,0.04
1944,3,0.26,0.31,0.21
1944,4,0.19,0.18,0.21
1944,5,0.18,0.23,0.14
1944,6,0.15,0.17,0.16
1944,7,0.17,0.14,0.23
1944,8,0.18,0.17,0.22
1944,9,0.28,0.36,0.21
1944,10,0.26,0.44,0.09
1944,11,0.11,0.2,0.03
1944,12,0.04,0,0.09
1945,1,0.1,0.12,0.1
1945,2,0.01,-0.05,0.08
1945,3,0.06,0.1,0.03
1945,4,0.2,0.3,0.1
1945,5,0.06,0.08,0.05
1945,6,0.01,0.08,-0.05
1945,7,0.04,0.07,0.02
1945,8,0.26,0.29,0.25
1945,9,0.21,0.21,0.22
1945,10,0.19,0.25,0.13
1945,11,0.07,0.09,0.07
1945,12,-0.07,-0.21,0.08
1946,1,0.15,0.35,-0.03
1946,2,0.03,0.09,-0.03
1946,3,0.01,0.12,-0.08
1946,4,0.06,0.32,-0.21
1946,5,-0.07,0.03,-0.17
1946,6,-0.21,-0.05,-0.37
1946,7,-0.12,-0.04,-0.21
1946,8,-0.2,-0.1,-0.31
1946,9,-0.07,-0.03,-0.12
1946,10,-0.08,0.02,-0.17
1946,11,-0.06,0.07,-0.18
1946,12,-0.31,-0.45,-0.15
1947,1,-0.07,-0.04,-0.08
1947,2,-0.08,-0.03,-0.12
1947,3,0.06,0.29,-0.16
1947,4,0.06,0.23,-0.11
1947,5,-0.02,0.07,-0.1
1947,6,-0.02,0,-0.04
1947,7,-0.04,-0.03,-0.06
1947,8,-0.07,-0.04,-0.1
1947,9,-0.12,-0.01,-0.24
1947,10,0.07,0.4,-0.26
1947,11,0.02,0.19,-0.15
1947,12,-0.13,-0.05,-0.22
1948,1,0.06,0.3,-0.18
1948,2,-0.15,-0.15,-0.14
1948,3,-0.24,-0.27,-0.21
1948,4,-0.12,-0.03,-0.21
1948,5,-0.01,0.17,-0.18
1948,6,-0.05,0.04,-0.15
1948,7,-0.11,0.01,-0.24
1948,8,-0.12,0.03,-0.26
1948,9,-0.14,-0.03,-0.27
1948,10,-0.05,0.08,-0.18
1948,11,-0.13,0.03,-0.28
1948,12,-0.24,-0.39,-0.08
1949,1,0.06,0.23,-0.1
1949,2,-0.14,-0.09,-0.19
1949,3,-0.02,0.04,-0.08
1949,4,-0.11,-0.03,-0.19
1949,5,-0.1,0,-0.2
1949,6,-0.27,-0.2,-0.34
1949,7,-0.13,-0.11,-0.15
1949,8,-0.13,-0.05,-0.21
1949,9,-0.14,-0.1,-0.19
1949,10,-0.07,0.06,-0.2
1949,11,-0.1,0.05,-0.25
1949,12,-0.18,-0.14,-0.23
1950,1,-0.26,-0.29,-0.24
1950,2,-0.27,-0.27,-0.27
1950,3,-0.08,0.06,-0.22
1950,4,-0.21,-0.22,-0.2
1950,5,-0.11,-0.05,-0.19
1950,6,-0.05,-0.07,-0.05
1950,7,-0.09,-0.19,-0.01
1950,8,-0.16,-0.2,-0.12
1950,9,-0.11,-0.09,-0.15
1950,10,-0.2,-0.06,-0.35
1950,11,-0.34,-0.34,-0.35
1950,12,-0.22,-0.13,-0.32
1951,1,-0.34,-0.36,-0.34
1951,2,-0.41,-0.51,-0.32
1951,3,-0.2,-0.18,-0.22
1951,4,-0.14,0.07,-0.35
1951,5,0,0.17,-0.18
1951,6,-0.07,-0.02,-0.11
1951,7,-0.01,0.08,-0.1
1951,8,0.06,0.22,-0.1
1951,9,0.05,0.34,-0.21
1951,10,0.08,0.28,-0.11
1951,11,-0.01,0.08,-0.09
1951,12,0.15,0.38,-0.06
1952,1,0.11,0.16,0.07
1952,2,0.11,0.17,0.06
1952,3,-0.08,-0.22,0.07
1952,4,0.03,0.18,-0.1
1952,5,-0.03,0.15,-0.19
1952,6,-0.03,0.16,-0.22
1952,7,0.04,0.14,-0.05
1952,8,0.05,0.07,0.02
1952,9,0.07,0.14,0
1952,10,0,-0.01,0.01
1952,11,-0.13,-0.21,-0.05
1952,12,-0.02,0.01,-0.04
1953,1,0.07,0.23,-0.09
1953,2,0.15,0.37,-0.07
1953,3,0.11,0.25,-0.02
1953,4,0.19,0.41,-0.01
1953,5,0.11,0.25,-0.01
1953,6,0.12,0.25,-0.01
1953,7,0.01,0.22,-0.19
1953,8,0.05,0.18,-0.07
1953,9,0.05,0.17,-0.08
1953,10,0.08,0.27,-0.1
1953,11,-0.03,0.09,-0.12
1953,12,0.05,0.23,-0.12
1954,1,-0.24,-0.24,-0.24
1954,2,-0.1,0,-0.19
1954,3,-0.15,-0.16,-0.13
1954,4,-0.14,-0.01,-0.27
1954,5,-0.2,-0.07,-0.33
1954,6,-0.18,-0.04,-0.34
1954,7,-0.19,-0.11,-0.29
1954,8,-0.17,-0.01,-0.34
1954,9,-0.1,0.09,-0.28
1954,10,-0.02,0.13,-0.18
1954,11,0.08,0.34,-0.2
1954,12,-0.18,-0.11,-0.27
1955,1,0.13,0.43,-0.17
1955,2,-0.16,-0.12,-0.2
1955,3,-0.32,-0.43,-0.22
1955,4,-0.22,-0.24,-0.22
1955,5,-0.2,-0.13,-0.28
1955,6,-0.13,-0.1,-0.18
1955,7,-0.11,-0.05,-0.19
1955,8,0.02,0.07,-0.05
1955,9,-0.11,-0.01,-0.21
1955,10,-0.05,0.12,-0.24
1955,11,-0.25,-0.34,-0.19
1955,12,-0.28,-0.28,-0.29
1956,1,-0.13,-0.04,-0.23
1956,2,-0.24,-0.31,-0.18
1956,3,-0.21,-0.23,-0.19
1956,4,-0.28,-0.26,-0.3
1956,5,-0.29,-0.3,-0.29
1956,6,-0.15,-0.2,-0.12
1956,7,-0.09,-0.2,0
1956,8,-0.25,-0.28,-0.24
1956,9,-0.19,-0.32,-0.08
1956,10,-0.23,-0.28,-0.19
1956,11,-0.15,-0.26,-0.05
1956,12,-0.06,-0.11,-0.03
1957,1,-0.09,-0.13,-0.04
1957,2,-0.03,-0.05,-0.02
1957,3,-0.05,-0.1,0
1957,4,0,-0.09,0.09
1957,5,0.09,-0.05,0.23
1957,6,0.15,0.12,0.18
1957,7,0.02,0.11,-0.07
1957,8,0.15,0.16,0.14
1957,9,0.09,0.13,0.05
1957,10,0.01,0.06,-0.04
1957,11,0.08,0.12,0.04
1957,12,0.15,0.24,0.06
1958,1,0.39,0.69,0.1
1958,2,0.22,0.28,0.16
1958,3,0.08,0.16,0.01
1958,4,0.01,0.03,0.01
1958,5,0.06,0.12,0
1958,6,-0.09,0.05,-0.21
1958,7,0.05,0.05,0.05
1958,8,-0.05,0.13,-0.22
1958,9,-0.03,0.07,-0.12
1958,10,0.04,0.08,0.01
1958,11,0.02,0.03,0.02
1958,12,0.01,0.18,-0.15
1959,1,0.08,0.24,-0.08
1959,2,0.07,0.17,-0.02
1959,3,0.18,0.33,0.02
1959,4,0.16,0.22,0.09
1959,5,0.04,0.04,0.04
1959,6,0.03,0.14,-0.08
1959,7,0.03,0.05,0.01
1959,8,-0.01,0.1,-0.11
1959,9,-0.06,0.14,-0.25
1959,10,-0.07,-0.04,-0.1
1959,11,-0.08,0.03,-0.18
1959,12,0,0.1,-0.1
1960,1,0,0.16,-0.16
1960,2,0.13,0.42,-0.15
1960,3,-0.35,-0.4,-0.29
1960,4,-0.15,-0.12,-0.17
1960,5,-0.08,0.04,-0.19
1960,6,-0.04,0.19,-0.26
1960,7,-0.04,0.09,-0.16
1960,8,0.02,0.11,-0.07
1960,9,0.07,0.12,0.02
1960,10,0.06,0.05,0.06
1960,11,-0.11,-0.08,-0.14
1960,12,0.19,0.4,-0.02
1961,1,0.07,0.17,-0.03
1961,2,0.19,0.29,0.07
1961,3,0.09,0.22,-0.04
1961,4,0.13,0.14,0.12
1961,5,0.12,0.07,0.17
1961,6,0.11,0.18,0.05
1961,7,0.01,0.06,-0.04
1961,8,0.01,0.05,-0.04
1961,9,0.08,-0.03,0.19
1961,10,0,-0.03,0.03
1961,11,0.03,0.08,-0.01
1961,12,-0.16,-0.17,-0.16
1962,1,0.05,0.28,-0.18
1962,2,0.15,0.36,-0.07
1962,3,0.1,0.3,-0.1
1962,4,0.05,0.22,-0.13
1962,5,-0.06,0.02,-0.14
1962,6,0.03,-0.13,0.19
1962,7,0.02,0.1,-0.06
1962,8,-0.01,0.03,-0.05
1962,9,0,-0.02,0.03
1962,10,0.01,0.13,-0.1
1962,11,0.06,0.12,0
1962,12,-0.03,0.1,-0.15
1963,1,-0.03,0.08,-0.14
1963,2,0.18,0.5,-0.14
1963,3,-0.14,-0.11,-0.16
1963,4,-0.07,0.04,-0.19
1963,5,-0.06,-0.04,-0.07
1963,6,0.05,-0.04,0.13
1963,7,0.06,0.1,0.03
1963,8,0.22,0.14,0.3
1963,9,0.17,0.13,0.22
1963,10,0.15,0.42,-0.12
1963,11,0.15,0.43,-0.12
1963,12,-0.03,0.03,-0.08
1964,1,-0.09,-0.04,-0.13
1964,2,-0.1,-0.02,-0.17
1964,3,-0.21,-0.32,-0.1
1964,4,-0.32,-0.3,-0.32
1964,5,-0.25,-0.1,-0.4
1964,6,-0.04,-0.09,0.01
1964,7,-0.04,-0.13,0.04
1964,8,-0.22,-0.23,-0.21
1964,9,-0.3,-0.28,-0.31
1964,10,-0.31,-0.31,-0.32
1964,11,-0.21,-0.21,-0.21
1964,12,-0.3,-0.27,-0.33
1965,1,-0.08,-0.02,-0.15
1965,2,-0.17,-0.37,0.02
1965,3,-0.13,-0.1,-0.16
1965,4,-0.19,-0.26,-0.12
1965,5,-0.12,-0.14,-0.1
1965,6,-0.08,-0.2,0.04
1965,7,-0.13,-0.18,-0.08
1965,8,-0.04,-0.2,0.12
1965,9,-0.15,-0.2,-0.1
1965,10,-0.05,-0.02,-0.08
1965,11,-0.06,0.04,-0.15
1965,12,-0.08,-0.08,-0.07
1966,1,-0.19,-0.25,-0.12
1966,2,-0.04,0.03,-0.12
1966,3,0.03,0,0.08
1966,4,-0.13,-0.22,-0.03
1966,5,-0.12,-0.05,-0.19
1966,6,0.01,0.06,-0.04
1966,7,0.08,0.11,0.06
1966,8,-0.09,0.14,-0.3
1966,9,-0.03,0.06,-0.12
1966,10,-0.17,-0.1,-0.23
1966,11,-0.01,0.02,-0.03
1966,12,-0.03,-0.03,-0.02
1967,1,-0.08,-0.18,0.03
1967,2,-0.21,-0.37,-0.04
1967,3,0.05,0.23,-0.14
1967,4,-0.05,0.05,-0.14
1967,5,0.12,0.21,0.04
1967,6,-0.08,-0.06,-0.1
1967,7,0.02,0.04,-0.01
1967,8,0.01,0.06,-0.05
1967,9,-0.06,-0.03,-0.1
1967,10,0.09,0.29,-0.12
1967,11,-0.05,0.04,-0.14
1967,12,-0.05,0.02,-0.12
1968,1,-0.26,-0.29,-0.23
1968,2,-0.14,-0.16,-0.13
1968,3,0.2,0.44,-0.04
1968,4,-0.06,0,-0.11
1968,5,-0.14,-0.06,-0.22
1968,6,-0.09,-0.05,-0.14
1968,7,-0.13,-0.08,-0.17
1968,8,-0.08,-0.08,-0.09
1968,9,-0.19,-0.05,-0.32
1968,10,0.09,-0.01,0.18
1968,11,-0.05,-0.21,0.13
1968,12,-0.14,-0.33,0.05
1969,1,-0.11,-0.43,0.22
1969,2,-0.18,-0.46,0.12
1969,3,0.01,-0.2,0.22
1969,4,0.17,0.03,0.31
1969,5,0.18,0.11,0.26
1969,6,0.03,-0.04,0.1
1969,7,-0.04,0.06,-0.13
1969,8,0.04,0.05,0.04
1969,9,0.08,0.04,0.13
1969,10,0.09,0.03,0.17
1969,11,0.12,0.15,0.1
1969,12,0.24,0.31,0.19
1970,1,0.08,-0.03,0.2
1970,2,0.22,0.27,0.17
1970,3,0.06,-0.07,0.19
1970,4,0.05,-0.02,0.13
1970,5,-0.03,0,-0.06
1970,6,-0.02,0.02,-0.06
1970,7,0.02,-0.04,0.08
1970,8,-0.1,-0.05,-0.15
1970,9,0.12,-0.05,0.28
1970,10,0.03,-0.2,0.25
1970,11,0.02,0.01,0.02
1970,12,-0.12,-0.31,0.06
1971,1,-0.02,-0.15,0.09
1971,2,-0.15,-0.21,-0.1
1971,3,-0.18,-0.28,-0.08
1971,4,-0.07,-0.2,0.06
1971,5,-0.05,-0.12,0.01
1971,6,-0.16,-0.14,-0.19
1971,7,-0.07,-0.13,-0.02
1971,8,-0.01,-0.16,0.14
1971,9,-0.05,-0.14,0.03
1971,10,-0.04,-0.16,0.06
1971,11,-0.07,-0.02,-0.13
1971,12,-0.08,-0.14,-0.04
1972,1,-0.22,-0.54,0.1
1972,2,-0.18,-0.52,0.17
1972,3,0.03,0.01,0.04
1972,4,0,-0.12,0.12
1972,5,-0.03,-0.15,0.1
1972,6,0.04,-0.1,0.19
1972,7,0.01,-0.05,0.09
1972,8,0.16,-0.09,0.4
1972,9,0.02,-0.26,0.31
1972,10,0.08,-0.04,0.21
1972,11,0.02,-0.2,0.25
1972,12,0.18,-0.04,0.42
1973,1,0.29,0.15,0.44
1973,2,0.32,0.43,0.22
1973,3,0.29,0.31,0.26
1973,4,0.27,0.18,0.36
1973,5,0.23,0.09,0.36
1973,6,0.19,0.16,0.22
1973,7,0.13,0.04,0.22
1973,8,0.05,0.03,0.08
1973,9,0.09,-0.09,0.26
1973,10,0.1,-0.08,0.27
1973,11,0.04,-0.1,0.18
1973,12,-0.07,-0.04,-0.1
1974,1,-0.1,-0.26,0.05
1974,2,-0.27,-0.35,-0.18
1974,3,-0.05,0.03,-0.14
1974,4,-0.12,-0.1,-0.14
1974,5,-0.04,-0.19,0.11
1974,6,-0.05,-0.18,0.08
1974,7,-0.03,-0.13,0.06
1974,8,0.1,-0.11,0.3
1974,9,-0.08,-0.16,0
1974,10,-0.06,-0.23,0.1
1974,11,-0.08,-0.21,0.05
1974,12,-0.08,-0.27,0.09
1975,1,0.1,0.16,0.04
1975,2,0.08,0.09,0.06
1975,3,0.12,0.1,0.14
1975,4,0.04,0.05,0.02
1975,5,0.16,-0.02,0.33
1975,6,-0.01,-0.08,0.06
1975,7,-0.01,-0.06,0.05
1975,8,-0.17,-0.14,-0.2
1975,9,-0.02,-0.08,0.02
1975,10,-0.11,-0.18,-0.06
1975,11,-0.17,-0.31,-0.05
1975,12,-0.17,-0.22,-0.13
1976,1,-0.03,0.05,-0.12
1976,2,-0.06,-0.12,-0.01
1976,3,-0.22,-0.31,-0.12
1976,4,-0.07,0.02,-0.17
1976,5,-0.2,-0.26,-0.15
1976,6,-0.12,-0.2,-0.04
1976,7,-0.1,-0.27,0.07
1976,8,-0.12,-0.21,-0.03
1976,9,-0.06,-0.12,0
1976,10,-0.24,-0.51,0.04
1976,11,-0.06,-0.32,0.21
1976,12,0.11,-0.26,0.47
1977,1,0.19,-0.16,0.53
1977,2,0.23,0.11,0.34
1977,3,0.24,0.26,0.22
1977,4,0.26,0.25,0.27
1977,5,0.33,0.23,0.42
1977,6,0.27,0.22,0.31
1977,7,0.2,0.08,0.32
1977,8,0.18,0.02,0.33
1977,9,0.02,0.12,-0.08
1977,10,0.03,-0.02,0.09
1977,11,0.16,0.27,0.06
1977,12,0.03,0.02,0.04
1978,1,0.06,0.16,-0.03
1978,2,0.1,0.04,0.16
1978,3,0.19,0.21,0.17
1978,4,0.17,0.07,0.26
1978,5,0.09,-0.06,0.24
1978,6,-0.01,-0.14,0.11
1978,7,0.04,-0.07,0.15
1978,8,-0.14,-0.14,-0.12
1978,9,0.06,-0.01,0.12
1978,10,0.03,0,0.06
1978,11,0.13,0.16,0.11
1978,12,0.08,0.02,0.13
1979,1,0.09,-0.05,0.22
1979,2,-0.1,-0.36,0.16
1979,3,0.19,0.18,0.2
1979,4,0.15,-0.17,0.48
1979,5,0.03,0.01,0.06
1979,6,0.14,0.07,0.21
1979,7,0.04,0.05,0.03
1979,8,0.17,0.04,0.3
1979,9,0.25,0.19,0.31
1979,10,0.26,0.23,0.29
1979,11,0.28,0.24,0.33
1979,12,0.47,0.54,0.41
1980,1,0.3,0.21,0.39
1980,2,0.39,0.4,0.38
1980,3,0.29,0.07,0.52
1980,4,0.3,0.15,0.44
1980,5,0.35,0.26,0.44
1980,6,0.2,0.18,0.23
1980,7,0.22,0.13,0.3
1980,8,0.18,0.09,0.27
1980,9,0.2,0.1,0.31
1980,10,0.13,0.11,0.15
1980,11,0.3,0.2,0.38
1980,12,0.21,0.08,0.34
1981,1,0.53,0.8,0.25
1981,2,0.42,0.62,0.22
1981,3,0.48,0.68,0.28
1981,4,0.32,0.39,0.26
1981,5,0.25,0.18,0.31
1981,6,0.29,0.27,0.3
1981,7,0.33,0.09,0.55
1981,8,0.35,0.16,0.53
1981,9,0.15,0.13,0.16
1981,10,0.12,0.23,0.02
1981,11,0.23,0.35,0.11
1981,12,0.41,0.54,0.28
1982,1,0.05,-0.14,0.24
1982,2,0.15,0.16,0.14
1982,3,0.03,0.06,0.01
1982,4,0.15,0.17,0.13
1982,5,0.18,0.09,0.27
1982,6,0.06,0.01,0.11
1982,7,0.14,0.04,0.25
1982,8,0.03,-0.07,0.15
1982,9,0.14,0.06,0.23
1982,10,0.13,0,0.27
1982,11,0.18,-0.11,0.47
1982,12,0.43,0.38,0.48
1983,1,0.53,0.55,0.51
1983,2,0.43,0.35,0.52
1983,3,0.42,0.42,0.41
1983,4,0.28,0.06,0.5
1983,5,0.34,0.05,0.63
1983,6,0.23,0.1,0.36
1983,7,0.18,0.2,0.18
1983,8,0.36,0.25,0.46
1983,9,0.37,0.26,0.49
1983,10,0.17,0.12,0.22
1983,11,0.3,0.49,0.12
1983,12,0.17,0.11,0.23
1984,1,0.31,0.33,0.28
1984,2,0.14,0.02,0.26
1984,3,0.26,0.18,0.35
1984,4,0.06,-0.07,0.19
1984,5,0.33,0.23,0.42
1984,6,0.02,0.09,-0.03
1984,7,0.19,0.08,0.3
1984,8,0.19,0.05,0.33
1984,9,0.21,-0.04,0.46
1984,10,0.13,0.08,0.19
1984,11,0.06,-0.1,0.23
1984,12,-0.04,-0.42,0.34
1985,1,0.22,0.07,0.37
1985,2,-0.04,-0.3,0.22
1985,3,0.17,0,0.35
1985,4,0.12,-0.04,0.27
1985,5,0.15,0.09,0.2
1985,6,0.15,0,0.29
1985,7,0.04,-0.08,0.16
1985,8,0.17,-0.02,0.34
1985,9,0.13,0.02,0.24
1985,10,0.12,0.02,0.21
1985,11,0.05,0.02,0.09
1985,12,0.14,0.16,0.12
1986,1,0.26,0.36,0.16
1986,2,0.37,0.31,0.43
1986,3,0.3,0.26,0.34
1986,4,0.22,0.15,0.3
1986,5,0.21,0.19,0.23
1986,6,0.12,0.14,0.11
1986,7,0.11,-0.02,0.25
1986,8,0.16,0.04,0.27
1986,9,0.03,-0.02,0.09
1986,10,0.15,0.09,0.22
1986,11,0.1,0.04,0.18
1986,12,0.13,0.06,0.21
1987,1,0.32,0.25,0.39
1987,2,0.43,0.5,0.36
1987,3,0.18,0,0.37
1987,4,0.24,0.07,0.42
1987,5,0.26,0.23,0.29
1987,6,0.35,0.16,0.54
1987,7,0.4,0.25,0.56
1987,8,0.25,0.27,0.24
1987,9,0.35,0.39,0.33
1987,10,0.33,0.22,0.45
1987,11,0.29,0.1,0.49
1987,12,0.46,0.5,0.43
1988,1,0.57,0.59,0.55
1988,2,0.44,0.46,0.43
1988,3,0.52,0.47,0.56
1988,4,0.43,0.44,0.42
1988,5,0.44,0.43,0.45
1988,6,0.4,0.4,0.4
1988,7,0.33,0.42,0.25
1988,8,0.39,0.26,0.53
1988,9,0.37,0.26,0.47
1988,10,0.38,0.23,0.52
1988,11,0.12,0.05,0.19
1988,12,0.29,0.42,0.15
1989,1,0.12,0.08,0.16
1989,2,0.3,0.39,0.19
1989,3,0.36,0.45,0.26
1989,4,0.29,0.32,0.26
1989,5,0.18,0.22,0.13
1989,6,0.15,0.24,0.07
1989,7,0.35,0.31,0.37
1989,8,0.33,0.26,0.4
1989,9,0.35,0.23,0.46
1989,10,0.29,0.25,0.33
1989,11,0.2,0.11,0.28
1989,12,0.37,0.33,0.41
1990,1,0.42,0.47,0.36
1990,2,0.44,0.54,0.33
1990,3,0.8,1.16,0.42
1990,4,0.56,0.71,0.42
1990,5,0.46,0.5,0.41
1990,6,0.37,0.48,0.28
1990,7,0.46,0.33,0.58
1990,8,0.34,0.41,0.28
1990,9,0.23,0.42,0.05
1990,10,0.45,0.48,0.41
1990,11,0.46,0.46,0.47
1990,12,0.4,0.38,0.43
1991,1,0.43,0.59,0.26
1991,2,0.5,0.57,0.43
1991,3,0.36,0.46,0.25
1991,4,0.51,0.56,0.46
1991,5,0.34,0.33,0.35
1991,6,0.53,0.47,0.59
1991,7,0.48,0.43,0.52
1991,8,0.39,0.35,0.43
1991,9,0.44,0.36,0.52
1991,10,0.29,0.29,0.29
1991,11,0.3,0.32,0.27
1991,12,0.32,0.2,0.43
1992,1,0.48,0.61,0.34
1992,2,0.4,0.5,0.3
1992,3,0.48,0.54,0.42
1992,4,0.28,0.16,0.4
1992,5,0.31,0.19,0.44
1992,6,0.26,0.04,0.48
1992,7,0.09,-0.1,0.28
1992,8,0.08,-0.07,0.24
1992,9,-0.01,-0.18,0.18
1992,10,0.07,-0.17,0.31
1992,11,0.03,-0.09,0.14
1992,12,0.22,0.21,0.22
1993,1,0.35,0.39,0.3
1993,2,0.37,0.52,0.21
1993,3,0.36,0.39,0.33
1993,4,0.28,0.23,0.32
1993,5,0.28,0.32,0.26
1993,6,0.23,0.22,0.24
1993,7,0.25,0.12,0.38
1993,8,0.11,0.02,0.19
1993,9,0.11,-0.06,0.3
1993,10,0.24,0.12,0.36
1993,11,0.04,-0.21,0.29
1993,12,0.18,0.22,0.15
1994,1,0.26,0.34,0.19
1994,2,0.02,-0.05,0.09
1994,3,0.29,0.49,0.09
1994,4,0.41,0.48,0.35
1994,5,0.28,0.39,0.17
1994,6,0.43,0.41,0.45
1994,7,0.3,0.33,0.27
1994,8,0.22,0.32,0.11
1994,9,0.31,0.33,0.3
1994,10,0.43,0.54,0.31
1994,11,0.45,0.5,0.39
1994,12,0.39,0.36,0.42
1995,1,0.53,0.75,0.3
1995,2,0.79,1.19,0.38
1995,3,0.47,0.59,0.34
1995,4,0.47,0.72,0.22
1995,5,0.27,0.42,0.13
1995,6,0.43,0.5,0.36
1995,7,0.46,0.37,0.54
1995,8,0.45,0.54,0.37
1995,9,0.33,0.43,0.24
1995,10,0.46,0.6,0.33
1995,11,0.45,0.57,0.33
1995,12,0.26,0.27,0.25
1996,1,0.24,0.27,0.22
1996,2,0.46,0.54,0.37
1996,3,0.33,0.32,0.33
1996,4,0.33,0.17,0.49
1996,5,0.27,0.35,0.2
1996,6,0.26,0.25,0.28
1996,7,0.37,0.29,0.44
1996,8,0.48,0.18,0.77
1996,9,0.26,0.04,0.47
1996,10,0.22,0.04,0.39
1996,11,0.42,0.35,0.48
1996,12,0.37,0.35,0.39
1997,1,0.32,0.34,0.29
1997,2,0.41,0.6,0.21
1997,3,0.52,0.74,0.29
1997,4,0.34,0.49,0.18
1997,5,0.35,0.42,0.27
1997,6,0.55,0.49,0.61
1997,7,0.34,0.41,0.28
1997,8,0.41,0.48,0.35
1997,9,0.52,0.52,0.55
1997,10,0.61,0.63,0.61
1997,11,0.65,0.59,0.71
1997,12,0.59,0.51,0.68
1998,1,0.58,0.62,0.55
1998,2,0.88,1.04,0.72
1998,3,0.63,0.72,0.54
1998,4,0.64,0.87,0.4
1998,5,0.68,0.66,0.71
1998,6,0.77,0.73,0.81
1998,7,0.66,0.75,0.59
1998,8,0.65,0.72,0.59
1998,9,0.42,0.61,0.24
1998,10,0.42,0.54,0.31
1998,11,0.43,0.49,0.37
1998,12,0.55,0.74,0.35
1999,1,0.48,0.59,0.37
1999,2,0.64,1,0.27
1999,3,0.33,0.29,0.36
1999,4,0.32,0.54,0.1
1999,5,0.26,0.36,0.16
1999,6,0.36,0.35,0.37
1999,7,0.39,0.35,0.42
1999,8,0.31,0.3,0.32
1999,9,0.39,0.4,0.37
1999,10,0.34,0.39,0.28
1999,11,0.37,0.53,0.21
1999,12,0.4,0.66,0.14
2000,1,0.25,0.39,0.11
2000,2,0.56,0.89,0.21
2000,3,0.55,0.84,0.25
2000,4,0.56,0.88,0.23
2000,5,0.35,0.55,0.16
2000,6,0.4,0.44,0.35
2000,7,0.39,0.41,0.36
2000,8,0.42,0.47,0.38
2000,9,0.39,0.36,0.41
2000,10,0.27,0.29,0.25
2000,11,0.3,0.2,0.41
2000,12,0.28,0.27,0.28
2001,1,0.45,0.56,0.33
2001,2,0.44,0.46,0.41
2001,3,0.55,0.76,0.34
2001,4,0.5,0.6,0.41
2001,5,0.57,0.69,0.46
2001,6,0.53,0.51,0.54
2001,7,0.59,0.63,0.55
2001,8,0.48,0.68,0.3
2001,9,0.52,0.56,0.47
2001,10,0.5,0.6,0.4
2001,11,0.72,0.97,0.47
2001,12,0.55,0.65,0.45
2002,1,0.77,1.01,0.51
2002,2,0.78,1.14,0.42
2002,3,0.88,1.11,0.64
2002,4,0.58,0.51,0.65
2002,5,0.64,0.52,0.77
2002,6,0.53,0.68,0.38
2002,7,0.61,0.66,0.57
2002,8,0.53,0.55,0.52
2002,9,0.64,0.62,0.65
2002,10,0.54,0.53,0.55
2002,11,0.59,0.78,0.4
2002,12,0.44,0.43,0.47
2003,1,0.75,0.93,0.56
2003,2,0.58,0.56,0.6
2003,3,0.6,0.66,0.53
2003,4,0.55,0.61,0.5
2003,5,0.6,0.72,0.49
2003,6,0.48,0.54,0.42
2003,7,0.58,0.68,0.49
2003,8,0.64,0.86,0.43
2003,9,0.62,0.78,0.47
2003,10,0.72,0.99,0.47
2003,11,0.53,0.66,0.4
2003,12,0.75,0.98,0.52
2004,1,0.58,0.66,0.49
2004,2,0.72,0.91,0.53
2004,3,0.63,0.87,0.39
2004,4,0.61,0.7,0.51
2004,5,0.37,0.52,0.22
2004,6,0.44,0.47,0.42
2004,7,0.26,0.5,0.03
2004,8,0.45,0.55,0.35
2004,9,0.5,0.59,0.42
2004,10,0.61,0.7,0.52
2004,11,0.73,0.98,0.48
2004,12,0.51,0.44,0.57
2005,1,0.75,0.94,0.55
2005,2,0.6,0.72,0.48
2005,3,0.74,0.95,0.54
2005,4,0.67,0.93,0.41
2005,5,0.63,0.77,0.48
2005,6,0.65,0.78,0.52
2005,7,0.61,0.75,0.49
2005,8,0.6,0.69,0.5
2005,9,0.72,0.89,0.54
2005,10,0.76,0.95,0.57
2005,11,0.74,1.06,0.43
2005,12,0.68,0.83,0.52
2006,1,0.56,0.65,0.47
2006,2,0.74,0.96,0.51
2006,3,0.63,0.78,0.48
2006,4,0.47,0.6,0.34
2006,5,0.48,0.76,0.2
2006,6,0.67,0.81,0.53
2006,7,0.54,0.69,0.4
2006,8,0.71,0.68,0.73
2006,9,0.66,0.82,0.5
2006,10,0.71,0.98,0.44
2006,11,0.73,0.94,0.53
2006,12,0.79,1.15,0.43
2007,1,1.01,1.45,0.57
2007,2,0.7,0.9,0.5
2007,3,0.71,0.93,0.49
2007,4,0.77,1.07,0.47
2007,5,0.69,0.71,0.66
2007,6,0.61,0.65,0.56
2007,7,0.6,0.64,0.55
2007,8,0.6,0.72,0.47
2007,9,0.6,0.68,0.53
2007,10,0.59,0.84,0.34
2007,11,0.59,0.82,0.36
2007,12,0.5,0.77,0.21
2008,1,0.3,0.33,0.26
2008,2,0.38,0.59,0.16
2008,3,0.75,1.14,0.35
2008,4,0.54,0.65,0.42
2008,5,0.5,0.61,0.39
2008,6,0.5,0.61,0.38
2008,7,0.6,0.6,0.6
2008,8,0.45,0.58,0.34
2008,9,0.6,0.56,0.65
2008,10,0.67,0.85,0.49
2008,11,0.69,0.97,0.42
2008,12,0.54,0.65,0.43
2009,1,0.65,0.82,0.47
2009,2,0.53,0.7,0.36
2009,3,0.53,0.58,0.48
2009,4,0.61,0.7,0.51
2009,5,0.65,0.65,0.66
2009,6,0.63,0.66,0.61
2009,7,0.74,0.68,0.79
2009,8,0.69,0.72,0.66
2009,9,0.72,0.85,0.59
2009,10,0.65,0.78,0.53
2009,11,0.8,0.85,0.75
2009,12,0.67,0.67,0.68
2010,1,0.75,0.8,0.69
2010,2,0.84,0.95,0.73
2010,3,0.92,1.11,0.74
2010,4,0.85,1.14,0.56
2010,5,0.75,0.94,0.58
2010,6,0.68,0.84,0.52
2010,7,0.63,0.89,0.39
2010,8,0.67,0.85,0.48
2010,9,0.63,0.69,0.56
2010,10,0.71,0.88,0.54
2010,11,0.81,1.21,0.41
2010,12,0.45,0.52,0.39
2011,1,0.52,0.62,0.42
2011,2,0.47,0.55,0.4
2011,3,0.65,0.89,0.41
2011,4,0.64,0.83,0.45
2011,5,0.53,0.66,0.4
2011,6,0.62,0.76,0.48
2011,7,0.71,0.71,0.69
2011,8,0.74,0.71,0.77
2011,9,0.56,0.73,0.38
2011,10,0.65,0.9,0.4
2011,11,0.6,0.65,0.53
2011,12,0.6,0.87,0.32
2012,1,0.47,0.65,0.29
2012,2,0.48,0.58,0.39
2012,3,0.57,0.69,0.43
2012,4,0.73,1.06,0.39
2012,5,0.78,0.96,0.6
2012,6,0.65,0.94,0.37
2012,7,0.59,0.85,0.33
2012,8,0.66,0.76,0.55
2012,9,0.72,0.85,0.59
2012,10,0.8,0.9,0.69
2012,11,0.78,0.96,0.6
2012,12,0.53,0.45,0.61
2013,1,0.71,0.85,0.57
2013,2,0.62,0.78,0.45
2013,3,0.67,0.82,0.53
2013,4,0.53,0.67,0.39
2013,5,0.6,0.77,0.43
2013,6,0.7,0.78,0.62
2013,7,0.6,0.69,0.51
2013,8,0.7,0.73,0.66
2013,9,0.77,0.69,0.83
2013,10,0.69,0.83,0.56
2013,11,0.83,1.13,0.54
2013,12,0.7,0.84,0.55
2014,1,0.76,0.98,0.54
2014,2,0.55,0.71,0.38
2014,3,0.78,1.2,0.35
2014,4,0.81,1.1,0.52
2014,5,0.87,0.9,0.83
2014,6,0.67,0.81,0.54
2014,7,0.58,0.77,0.41
2014,8,0.83,0.91,0.75
2014,9,0.88,0.84,0.91
2014,10,0.8,0.93,0.68
2014,11,0.67,0.82,0.54
2014,12,0.79,1.11,0.47
2015,1,0.86,1.19,0.53
2015,2,0.91,1.2,0.62
2015,3,0.96,1.32,0.59
2015,4,0.75,1.02,0.48
2015,5,0.8,1.05,0.55
2015,6,0.82,1.06,0.58
2015,7,0.73,0.92,0.56
2015,8,0.8,1.02,0.59
2015,9,0.84,1.18,0.52
2015,10,1.08,1.29,0.88
2015,11,1.06,1.37,0.77
2015,12,1.17,1.54,0.81
2016,1,1.18,1.56,0.81
2016,2,1.37,1.93,0.79
2016,3,1.35,1.89,0.81
2016,4,1.09,1.47,0.71
2016,5,0.96,1.11,0.81
2016,6,0.81,1.13,0.5
2016,7,0.84,1.05,0.65
2016,8,1.01,1.12,0.91
2016,9,0.9,1.23,0.59
2016,10,0.87,1.03,0.71
2016,11,0.91,1.11,0.72
2016,12,0.86,1.04,0.68
2017,1,1.02,1.39,0.65
2017,2,1.13,1.51,0.75
2017,3,1.16,1.51,0.81
2017,4,0.94,1.19,0.68
2017,5,0.91,0.93,0.9
2017,6,0.71,0.93,0.5
2017,7,0.82,0.98,0.67
2017,8,0.87,1.02,0.73
2017,9,0.74,0.99,0.51
2017,10,0.88,1.03,0.74
2017,11,0.87,1.21,0.54
2017,12,0.93,1.37,0.49
2018,1,0.82,1.13,0.51
2018,2,0.85,1.23,0.46
2018,3,0.88,1.18,0.58
2018,4,0.88,0.97,0.79
2018,5,0.81,1.01,0.61
2018,6,0.77,0.87,0.67
2018,7,0.84,0.93,0.74
2018,8,0.78,0.9,0.67
2018,9,0.8,0.98,0.63
2018,10,1.02,1.23,0.81
2018,11,0.83,0.97,0.71
2018,12,0.93,1.1,0.76
2019,1,0.93,1.19,0.68
2019,2,0.96,1.13,0.78
2019,3,1.17,1.55,0.78
2019,4,1.01,1.25,0.77
2019,5,0.86,1.02,0.71
2019,6,0.9,1.2,0.61
2019,7,0.94,1.03,0.84
2019,8,0.95,1.11,0.79
2019,9,0.93,1.22,0.65
2019,10,1,1.29,0.71
2019,11,0.99,1.19,0.8
2019,12,1.12,1.41,0.83
2020,1,1.18,1.59,0.76
2020,2,1.24,1.69,0.77
2020,3,1.18,1.67,0.68
2020,4,1.12,1.39,0.84
2020,5,0.99,1.26,0.72
2020,6,0.91,1.14,0.69
2020,7,0.89,1.11,0.68
2020,8,0.86,1.12,0.61
2020,9,0.96,1.2,0.73
2020,10,0.87,1.2,0.54
2020,11,1.09,1.57,0.6
2020,12,0.8,1.19,0.41
2021,1,0.82,1.26,0.37
2021,2,0.64,0.95,0.33
2021,3,0.89,1.21,0.57
2021,4,0.76,1.13,0.39
2021,5,0.79,1.05,0.53
2021,6,0.85,1.22,0.49
2021,7,0.92,1.08,0.76
2021,8,0.81,1.03,0.61
2021,9,0.92,1.05,0.8
2021,10,0.98,1.29,0.67
2021,11,0.93,1.3,0.55
2021,12,0.88,1.18,0.58
2022,1,0.91,1.24,0.58
2022,2,0.89,1.16,0.61
2022,3,1.05,1.41,0.67
2022,4,0.83,1.09,0.57
2022,5,0.84,1.03,0.65
2022,6,0.93,1.13,0.71
2022,7,0.94,1.07,0.81
2022,8,0.94,1.17,0.71
2022,9,0.88,1.15,0.61
2022,10,0.97,1.32,0.62
2022,11,0.73,1.1,0.37
2022,12,0.8,1.07,0.53
2023,1,0.88,1.29,0.45
2023,2,0.97,1.28,0.64
2023,3,1.23,1.64,0.81
2023,4,0.99,1.01,0.96
2023,5,0.94,1.13,0.75
2023,6,1.09,1.2,0.98
2023,7,1.19,1.45,0.95
2023,8,1.19,1.57,0.83
2023,9,1.48,1.68,1.29
2023,10,1.35,1.88,0.83
2023,11,1.4,1.96,0.85
2023,12,1.36,1.85,0.87
2024,1,1.25,1.67,0.83
2024,2,1.44,1.93,0.94
2024,3,1.4,1.78,1.01
2024,4,1.32,1.79,0.84
2024,5,1.16,1.45,0.88
2024,6,1.23,1.54,0.94
2024,7,1.2,1.42,0.99
2024,8,1.3,1.43,1.17
2024,9,1.21,1.56,0.87
2024,10,1.35,1.75,0.96
2024,11,1.3,1.89,0.71
2024,12,1.27,1.71,0.83
2025,1,1.38,1.85,0.9
2025,2,1.26,1.63,0.88
2025,3,1.37,1.84,0.89
2025,4,1.25,1.6,0.88
2025,5,1.08,1.22,0.94
2025,6,1.07,1.2,0.93
2025,7,1.02,1.23,0.82
2025,8,1.18,1.29,1.05
2025,9,1.25,1.41,1.09
2025,10,1.19,1.49,0.89
2025,11,1.21,1.68,0.74
2025,12,1.06,1.42,0.69
2026,1,1.09,1.4,0.77
2026,2,1.25,1.6,0.89
2026,3,1.32,1.62,1.02
2026,4,1.17,1.39,0.95
2026,5,1.13,1.3,0.97
2026,6,1.18,1.45,0.92
2026,7,1.25,1.54,0.97
2026,8,1.4,1.67,1.14
