year,month,anomaly,lower,upper
1850,1,-0.734,-1.037,-0.431
1850,2,-0.36,-0.718,-0.002
1850,3,-0.626,-0.959,-0.293
1850,4,-0.606,-0.89,-0.321
1850,5,-0.532,-0.779,-0.286
1850,6,-0.353,-0.614,-0.093
1850,7,-0.176,-0.412,0.061
1850,8,-0.224,-0.476,0.028
1850,9,-0.394,-0.654,-0.135
1850,10,-0.517,-0.765,-0.27
1850,11,-0.276,-0.535,-0.017
1850,12,-0.322,-0.602,-0.043
1851,1,-0.266,-0.565,0.032
1851,2,-0.462,-0.783,-0.14
1851,3,-0.638,-0.932,-0.343
1851,4,-0.521,-0.8,-0.242
1851,5,-0.214,-0.478,0.05
1851,6,-0.202,-0.475,0.07
1851,7,-0.13,-0.368,0.107
1851,8,-0.146,-0.401,0.11
1851,9,-0.131,-0.4,0.137
1851,10,-0.04,-0.302,0.221
1851,11,-0.107,-0.407,0.192
1851,12,-0.244,-0.557,0.07
1852,1,-0.345,-0.647,-0.043
1852,2,-0.496,-0.829,-0.162
1852,3,-0.567,-0.87,-0.264
1852,4,-0.575,-0.84,-0.31
1852,5,-0.113,-0.364,0.138
1852,6,-0.078,-0.328,0.171
1852,7,0.007,-0.223,0.238
1852,8,-0.151,-0.396,0.094
1852,9,-0.007,-0.257,0.244
1852,10,-0.158,-0.385,0.069
1852,11,-0.275,-0.537,-0.014
1852,12,0.064,-0.21,0.338
1853,1,-0.206,-0.495,0.082
1853,2,-0.4,-0.703,-0.097
1853,3,-0.273,-0.563,0.017
1853,4,-0.403,-0.67,-0.135
1853,5,-0.272,-0.507,-0.037
1853,6,-0.128,-0.372,0.117
1853,7,-0.074,-0.285,0.136
1853,8,-0.042,-0.276,0.192
1853,9,-0.269,-0.49,-0.049
1853,10,-0.373,-0.59,-0.157
1853,11,-0.404,-0.666,-0.141
1853,12,-0.328,-0.624,-0.032
1854,1,-0.407,-0.656,-0.159
1854,2,-0.395,-0.674,-0.116
1854,3,-0.247,-0.521,0.026
1854,4,-0.329,-0.548,-0.11
1854,5,-0.279,-0.48,-0.077
1854,6,-0.304,-0.532,-0.076
1854,7,-0.164,-0.371,0.042
1854,8,-0.235,-0.442,-0.027
1854,9,-0.217,-0.426,-0.009
1854,10,-0.102,-0.277,0.074
1854,11,-0.413,-0.679,-0.148
1854,12,-0.456,-0.727,-0.185
1855,1,-0.172,-0.426,0.082
1855,2,-0.317,-0.592,-0.042
1855,3,-0.347,-0.625,-0.068
1855,4,-0.212,-0.43,0.007
1855,5,-0.37,-0.575,-0.165
1855,6,-0.336,-0.556,-0.117
1855,7,-0.319,-0.516,-0.122
1855,8,-0.205,-0.416,0.006
1855,9,-0.255,-0.443,-0.068
1855,10,-0.205,-0.405,-0.005
1855,11,-0.379,-0.626,-0.131
1855,12,-0.413,-0.668,-0.157
1856,1,-0.087,-0.32,0.147
1856,2,-0.35,-0.612,-0.088
1856,3,-0.374,-0.641,-0.106
1856,4,-0.317,-0.522,-0.112
1856,5,-0.296,-0.502,-0.09
1856,6,-0.229,-0.451,-0.007
1856,7,-0.228,-0.43,-0.026
1856,8,-0.252,-0.47,-0.035
1856,9,-0.406,-0.617,-0.196
1856,10,-0.45,-0.65,-0.251
1856,11,-0.566,-0.821,-0.312
1856,12,-0.428,-0.702,-0.154
1857,1,-0.491,-0.714,-0.269
1857,2,-0.461,-0.724,-0.198
1857,3,-0.507,-0.787,-0.228
1857,4,-0.679,-0.918,-0.441
1857,5,-0.688,-0.894,-0.482
1857,6,-0.323,-0.547,-0.099
1857,7,-0.429,-0.637,-0.222
1857,8,-0.372,-0.597,-0.147
1857,9,-0.382,-0.59,-0.173
1857,10,-0.487,-0.699,-0.275
1857,11,-0.671,-0.926,-0.416
1857,12,-0.309,-0.578,-0.04
1858,1,-0.354,-0.604,-0.105
1858,2,-0.483,-0.759,-0.207
1858,3,-0.584,-0.868,-0.3
1858,4,-0.439,-0.667,-0.211
1858,5,-0.537,-0.747,-0.327
1858,6,-0.379,-0.613,-0.144
1858,7,-0.352,-0.568,-0.135
1858,8,-0.302,-0.519,-0.085
1858,9,-0.298,-0.508,-0.088
1858,10,-0.298,-0.501,-0.095
1858,11,-0.414,-0.679,-0.15
1858,12,-0.462,-0.736,-0.189
1859,1,-0.416,-0.65,-0.182
1859,2,-0.357,-0.604,-0.111
1859,3,-0.329,-0.6,-0.058
1859,4,-0.189,-0.409,0.03
1859,5,-0.171,-0.376,0.033
1859,6,-0.241,-0.463,-0.019
1859,7,-0.303,-0.487,-0.119
1859,8,-0.268,-0.489,-0.047
1859,9,-0.403,-0.609,-0.197
1859,10,-0.249,-0.462,-0.037
1859,11,-0.313,-0.565,-0.06
1859,12,-0.316,-0.594,-0.038
1860,1,-0.397,-0.66,-0.133
1860,2,-0.482,-0.801,-0.162
1860,3,-0.795,-1.137,-0.453
1860,4,-0.314,-0.543,-0.084
1860,5,-0.376,-0.591,-0.16
1860,6,-0.217,-0.46,0.025
1860,7,-0.216,-0.437,0.006
1860,8,-0.144,-0.404,0.117
1860,9,-0.182,-0.412,0.048
1860,10,-0.398,-0.608,-0.187
1860,11,-0.63,-0.872,-0.388
1860,12,-0.8,-1.062,-0.538
1861,1,-0.911,-1.197,-0.626
1861,2,-0.683,-1.053,-0.313
1861,3,-0.426,-0.832,-0.021
1861,4,-0.399,-0.726,-0.071
1861,5,-0.699,-1.018,-0.38
1861,6,-0.276,-0.562,0.009
1861,7,-0.356,-0.609,-0.103
1861,8,-0.104,-0.358,0.15
1861,9,-0.338,-0.58,-0.096
1861,10,-0.52,-0.718,-0.322
1861,11,-0.491,-0.732,-0.249
1861,12,-0.411,-0.721,-0.1
1862,1,-0.835,-1.144,-0.527
1862,2,-0.8,-1.182,-0.417
1862,3,-0.539,-0.941,-0.138
1862,4,-0.532,-0.834,-0.23
1862,5,-0.349,-0.639,-0.059
1862,6,-0.279,-0.528,-0.03
1862,7,-0.361,-0.606,-0.116
1862,8,-0.505,-0.771,-0.239
1862,9,-0.401,-0.628,-0.173
1862,10,-0.504,-0.717,-0.29
1862,11,-0.688,-0.944,-0.432
1862,12,-0.903,-1.203,-0.602
1863,1,-0.091,-0.401,0.219
1863,2,-0.289,-0.704,0.126
1863,3,-0.417,-0.775,-0.059
1863,4,-0.336,-0.648,-0.024
1863,5,-0.393,-0.674,-0.112
1863,6,-0.419,-0.688,-0.151
1863,7,-0.357,-0.641,-0.074
1863,8,-0.338,-0.618,-0.058
1863,9,-0.406,-0.677,-0.136
1863,10,-0.563,-0.803,-0.323
1863,11,-0.502,-0.753,-0.251
1863,12,-0.508,-0.823,-0.192
1864,1,-0.828,-1.174,-0.481
1864,2,-0.608,-1.039,-0.177
1864,3,-0.532,-0.921,-0.144
1864,4,-0.558,-0.887,-0.228
1864,5,-0.349,-0.65,-0.048
1864,6,-0.118,-0.391,0.156
1864,7,-0.29,-0.563,-0.018
1864,8,-0.346,-0.619,-0.073
1864,9,-0.53,-0.787,-0.273
1864,10,-0.674,-0.902,-0.447
1864,11,-0.493,-0.744,-0.242
1864,12,-0.63,-0.94,-0.32
1865,1,-0.234,-0.558,0.089
1865,2,-0.516,-0.976,-0.056
1865,3,-0.719,-1.149,-0.288
1865,4,-0.546,-0.876,-0.217
1865,5,-0.497,-0.793,-0.202
1865,6,-0.253,-0.518,0.012
1865,7,-0.298,-0.575,-0.02
1865,8,-0.25,-0.516,0.017
1865,9,-0.235,-0.503,0.034
1865,10,-0.331,-0.587,-0.076
1865,11,-0.34,-0.601,-0.079
1865,12,-0.518,-0.842,-0.194
1866,1,-0.236,-0.57,0.098
1866,2,-0.477,-0.845,-0.109
1866,3,-0.752,-1.14,-0.363
1866,4,-0.551,-0.878,-0.224
1866,5,-0.602,-0.915,-0.288
1866,6,-0.129,-0.403,0.144
1866,7,-0.053,-0.314,0.207
1866,8,-0.293,-0.557,-0.029
1866,9,-0.464,-0.725,-0.202
1866,10,-0.462,-0.686,-0.237
1866,11,-0.367,-0.605,-0.128
1866,12,-0.448,-0.744,-0.151
1867,1,-0.504,-0.84,-0.167
1867,2,-0.409,-0.825,0.008
1867,3,-0.715,-1.091,-0.339
1867,4,-0.49,-0.81,-0.17
1867,5,-0.616,-0.931,-0.301
1867,6,-0.351,-0.632,-0.07
1867,7,-0.259,-0.525,0.007
1867,8,-0.326,-0.606,-0.047
1867,9,-0.19,-0.45,0.069
1867,10,-0.154,-0.39,0.081
1867,11,-0.289,-0.535,-0.044
1867,12,-0.493,-0.78,-0.206
1868,1,-0.707,-1.068,-0.346
1868,2,-0.712,-1.13,-0.294
1868,3,-0.333,-0.718,0.053
1868,4,-0.384,-0.687,-0.08
1868,5,-0.282,-0.591,0.026
1868,6,-0.296,-0.549,-0.043
1868,7,-0.045,-0.29,0.201
1868,8,-0.193,-0.458,0.072
1868,9,-0.374,-0.596,-0.152
1868,10,-0.243,-0.444,-0.041
1868,11,-0.45,-0.699,-0.202
1868,12,-0.336,-0.599,-0.072
1869,1,-0.308,-0.61,-0.006
1869,2,0.136,-0.194,0.465
1869,3,-0.653,-0.986,-0.32
1869,4,-0.411,-0.709,-0.113
1869,5,-0.311,-0.572,-0.05
1869,6,-0.396,-0.655,-0.137
1869,7,-0.432,-0.676,-0.188
1869,8,-0.18,-0.437,0.077
1869,9,-0.172,-0.38,0.037
1869,10,-0.294,-0.463,-0.125
1869,11,-0.295,-0.493,-0.097
1869,12,-0.522,-0.769,-0.275
1870,1,-0.219,-0.448,0.01
1870,2,-0.458,-0.693,-0.224
1870,3,-0.496,-0.762,-0.23
1870,4,-0.357,-0.598,-0.116
1870,5,-0.303,-0.551,-0.055
1870,6,-0.207,-0.438,0.024
1870,7,-0.085,-0.299,0.129
1870,8,-0.26,-0.516,-0.004
1870,9,-0.206,-0.424,0.012
1870,10,-0.434,-0.654,-0.214
1870,11,-0.259,-0.484,-0.034
1870,12,-0.678,-0.957,-0.399
1871,1,-0.597,-0.87,-0.324
1871,2,-0.695,-0.988,-0.401
1871,3,-0.172,-0.482,0.137
1871,4,-0.225,-0.458,0.007
1871,5,-0.352,-0.601,-0.103
1871,6,-0.273,-0.512,-0.034
1871,7,-0.076,-0.296,0.145
1871,8,-0.326,-0.551,-0.101
1871,9,-0.359,-0.571,-0.147
1871,10,-0.376,-0.565,-0.186
1871,11,-0.543,-0.78,-0.306
1871,12,-0.523,-0.8,-0.245
1872,1,-0.595,-0.849,-0.341
1872,2,-0.629,-0.908,-0.351
1872,3,-0.519,-0.812,-0.227
1872,4,-0.368,-0.623,-0.113
1872,5,-0.123,-0.354,0.108
1872,6,-0.27,-0.492,-0.048
1872,7,-0.112,-0.324,0.1
1872,8,0.03,-0.206,0.266
1872,9,-0.158,-0.356,0.041
1872,10,-0.176,-0.351,-0.002
1872,11,-0.295,-0.486,-0.104
1872,12,-0.522,-0.759,-0.285
1873,1,-0.24,-0.464,-0.017
1873,2,-0.275,-0.565,0.014
1873,3,-0.391,-0.631,-0.151
1873,4,-0.464,-0.681,-0.247
1873,5,-0.32,-0.534,-0.105
1873,6,-0.298,-0.514,-0.083
1873,7,-0.158,-0.375,0.058
1873,8,-0.218,-0.423,-0.012
1873,9,-0.379,-0.579,-0.178
1873,10,-0.378,-0.554,-0.202
1873,11,-0.431,-0.632,-0.231
1873,12,-0.32,-0.587,-0.054
1874,1,-0.184,-0.437,0.069
1874,2,-0.43,-0.669,-0.19
1874,3,-0.665,-0.92,-0.41
1874,4,-0.424,-0.64,-0.208
1874,5,-0.314,-0.568,-0.059
1874,6,-0.557,-0.787,-0.328
1874,7,-0.173,-0.387,0.04
1874,8,-0.29,-0.521,-0.059
1874,9,-0.161,-0.349,0.027
1874,10,-0.469,-0.64,-0.297
1874,11,-0.423,-0.636,-0.211
1874,12,-0.317,-0.569,-0.066
1875,1,-0.577,-0.799,-0.355
1875,2,-0.445,-0.681,-0.208
1875,3,-0.56,-0.789,-0.331
1875,4,-0.343,-0.553,-0.133
1875,5,-0.252,-0.454,-0.049
1875,6,-0.268,-0.485,-0.05
1875,7,-0.183,-0.384,0.019
1875,8,-0.228,-0.458,0.002
1875,9,-0.239,-0.446,-0.032
1875,10,-0.231,-0.406,-0.057
1875,11,-0.508,-0.72,-0.297
1875,12,-0.587,-0.812,-0.361
1876,1,-0.507,-0.724,-0.29
1876,2,-0.329,-0.551,-0.107
1876,3,-0.338,-0.609,-0.068
1876,4,-0.396,-0.627,-0.166
1876,5,-0.55,-0.767,-0.332
1876,6,-0.326,-0.548,-0.104
1876,7,-0.203,-0.402,-0.004
1876,8,-0.328,-0.566,-0.089
1876,9,-0.438,-0.661,-0.215
1876,10,-0.307,-0.489,-0.126
1876,11,-0.602,-0.81,-0.394
1876,12,-0.628,-0.88,-0.375
1877,1,-0.41,-0.619,-0.202
1877,2,-0.197,-0.413,0.019
1877,3,-0.071,-0.29,0.147
1877,4,-0.318,-0.523,-0.114
1877,5,-0.405,-0.608,-0.202
1877,6,-0.113,-0.329,0.102
1877,7,0.014,-0.197,0.224
1877,8,0.226,0.005,0.448
1877,9,0.126,-0.06,0.311
1877,10,0.122,-0.067,0.312
1877,11,0.042,-0.146,0.231
1877,12,-0.028,-0.262,0.205
1878,1,-0.041,-0.235,0.153
1878,2,0.258,0.039,0.476
1878,3,0.402,0.161,0.643
1878,4,0.208,0.016,0.401
1878,5,-0.096,-0.305,0.113
1878,6,0.015,-0.202,0.231
1878,7,-0.066,-0.272,0.14
1878,8,-0.047,-0.264,0.17
1878,9,0.025,-0.159,0.209
1878,10,-0.15,-0.323,0.022
1878,11,-0.122,-0.325,0.081
1878,12,-0.293,-0.522,-0.063
1879,1,-0.214,-0.424,-0.005
1879,2,-0.24,-0.464,-0.016
1879,3,-0.25,-0.474,-0.026
1879,4,-0.36,-0.566,-0.154
1879,5,-0.334,-0.522,-0.145
1879,6,-0.252,-0.445,-0.06
1879,7,-0.277,-0.472,-0.083
1879,8,-0.265,-0.48,-0.05
1879,9,-0.233,-0.418,-0.048
1879,10,-0.154,-0.332,0.024
1879,11,-0.378,-0.605,-0.151
1879,12,-0.545,-0.806,-0.285
1880,1,-0.38,-0.589,-0.172
1880,2,-0.435,-0.641,-0.229
1880,3,-0.184,-0.423,0.056
1880,4,-0.328,-0.558,-0.098
1880,5,-0.321,-0.519,-0.123
1880,6,-0.368,-0.558,-0.178
1880,7,-0.323,-0.506,-0.139
1880,8,-0.096,-0.304,0.112
1880,9,-0.289,-0.471,-0.108
1880,10,-0.377,-0.527,-0.227
1880,11,-0.26,-0.468,-0.052
1880,12,-0.295,-0.554,-0.036
1881,1,-0.175,-0.378,0.028
1881,2,-0.197,-0.41,0.016
1881,3,-0.215,-0.439,0.008
1881,4,-0.055,-0.236,0.127
1881,5,-0.1,-0.298,0.099
1881,6,-0.39,-0.595,-0.185
1881,7,-0.183,-0.374,0.008
1881,8,-0.132,-0.34,0.076
1881,9,-0.287,-0.463,-0.111
1881,10,-0.217,-0.375,-0.059
1881,11,-0.371,-0.566,-0.175
1881,12,-0.237,-0.456,-0.018
1882,1,-0.012,-0.192,0.168
1882,2,-0.098,-0.278,0.082
1882,3,-0.146,-0.338,0.045
1882,4,-0.29,-0.466,-0.115
1882,5,-0.29,-0.469,-0.111
1882,6,-0.359,-0.554,-0.165
1882,7,-0.308,-0.493,-0.124
1882,8,-0.224,-0.434,-0.014
1882,9,-0.145,-0.326,0.036
1882,10,-0.381,-0.543,-0.22
1882,11,-0.388,-0.579,-0.196
1882,12,-0.629,-0.857,-0.401
1883,1,-0.443,-0.61,-0.275
1883,2,-0.449,-0.633,-0.265
1883,3,-0.25,-0.425,-0.075
1883,4,-0.418,-0.585,-0.25
1883,5,-0.324,-0.505,-0.144
1883,6,-0.16,-0.35,0.03
1883,7,-0.217,-0.381,-0.053
1883,8,-0.279,-0.473,-0.085
1883,9,-0.302,-0.462,-0.142
1883,10,-0.324,-0.472,-0.176
1883,11,-0.375,-0.566,-0.184
1883,12,-0.406,-0.622,-0.19
1884,1,-0.427,-0.62,-0.234
1884,2,-0.312,-0.489,-0.134
1884,3,-0.493,-0.685,-0.302
1884,4,-0.469,-0.634,-0.305
1884,5,-0.547,-0.707,-0.387
1884,6,-0.489,-0.669,-0.308
1884,7,-0.557,-0.725,-0.389
1884,8,-0.419,-0.61,-0.228
1884,9,-0.498,-0.656,-0.339
1884,10,-0.449,-0.598,-0.301
1884,11,-0.571,-0.764,-0.377
1884,12,-0.473,-0.696,-0.249
1885,1,-0.644,-0.823,-0.464
1885,2,-0.54,-0.721,-0.358
1885,3,-0.407,-0.578,-0.235
1885,4,-0.62,-0.771,-0.469
1885,5,-0.594,-0.76,-0.427
1885,6,-0.627,-0.812,-0.442
1885,7,-0.41,-0.581,-0.24
1885,8,-0.397,-0.585,-0.21
1885,9,-0.349,-0.512,-0.185
1885,10,-0.348,-0.496,-0.199
1885,11,-0.369,-0.536,-0.203
1885,12,-0.206,-0.42,0.007
1886,1,-0.46,-0.613,-0.307
1886,2,-0.472,-0.621,-0.323
1886,3,-0.468,-0.617,-0.32
1886,4,-0.346,-0.491,-0.2
1886,5,-0.281,-0.449,-0.112
1886,6,-0.5,-0.676,-0.323
1886,7,-0.299,-0.456,-0.142
1886,8,-0.451,-0.646,-0.255
1886,9,-0.382,-0.537,-0.226
1886,10,-0.401,-0.55,-0.252
1886,11,-0.478,-0.649,-0.307
1886,12,-0.383,-0.594,-0.171
1887,1,-0.734,-0.893,-0.576
1887,2,-0.648,-0.805,-0.491
1887,3,-0.437,-0.594,-0.28
1887,4,-0.475,-0.629,-0.321
1887,5,-0.513,-0.691,-0.336
1887,6,-0.513,-0.704,-0.321
1887,7,-0.379,-0.547,-0.211
1887,8,-0.44,-0.636,-0.243
1887,9,-0.38,-0.547,-0.213
1887,10,-0.436,-0.589,-0.283
1887,11,-0.435,-0.609,-0.261
1887,12,-0.49,-0.695,-0.284
1888,1,-0.616,-0.783,-0.449
1888,2,-0.587,-0.765,-0.409
1888,3,-0.594,-0.776,-0.411
1888,4,-0.346,-0.506,-0.186
1888,5,-0.401,-0.581,-0.222
1888,6,-0.318,-0.499,-0.136
1888,7,-0.347,-0.517,-0.177
1888,8,-0.306,-0.502,-0.109
1888,9,-0.321,-0.491,-0.152
1888,10,-0.161,-0.321,-0.001
1888,11,-0.258,-0.436,-0.079
1888,12,-0.249,-0.465,-0.033
1889,1,-0.294,-0.476,-0.112
1889,2,-0.007,-0.192,0.179
1889,3,-0.082,-0.273,0.11
1889,4,-0.085,-0.25,0.081
1889,5,-0.159,-0.338,0.019
1889,6,-0.218,-0.414,-0.023
1889,7,-0.308,-0.492,-0.125
1889,8,-0.318,-0.518,-0.117
1889,9,-0.353,-0.525,-0.181
1889,10,-0.364,-0.529,-0.199
1889,11,-0.511,-0.679,-0.343
1889,12,-0.347,-0.553,-0.141
1890,1,-0.518,-0.672,-0.363
1890,2,-0.451,-0.629,-0.273
1890,3,-0.619,-0.804,-0.434
1890,4,-0.494,-0.682,-0.306
1890,5,-0.532,-0.715,-0.349
1890,6,-0.488,-0.683,-0.293
1890,7,-0.488,-0.666,-0.31
1890,8,-0.471,-0.677,-0.265
1890,9,-0.48,-0.652,-0.308
1890,10,-0.44,-0.603,-0.278
1890,11,-0.671,-0.839,-0.503
1890,12,-0.383,-0.579,-0.187
1891,1,-0.575,-0.766,-0.384
1891,2,-0.595,-0.799,-0.39
1891,3,-0.358,-0.55,-0.167
1891,4,-0.44,-0.636,-0.243
1891,5,-0.336,-0.532,-0.14
1891,6,-0.367,-0.563,-0.171
1891,7,-0.402,-0.59,-0.214
1891,8,-0.362,-0.579,-0.145
1891,9,-0.262,-0.456,-0.068
1891,10,-0.336,-0.5,-0.171
1891,11,-0.53,-0.707,-0.353
1891,12,-0.223,-0.436,-0.01
1892,1,-0.473,-0.666,-0.28
1892,2,-0.29,-0.482,-0.097
1892,3,-0.524,-0.715,-0.332
1892,4,-0.538,-0.744,-0.332
1892,5,-0.452,-0.648,-0.256
1892,6,-0.433,-0.628,-0.237
1892,7,-0.592,-0.796,-0.387
1892,8,-0.512,-0.725,-0.299
1892,9,-0.388,-0.568,-0.208
1892,10,-0.438,-0.62,-0.255
1892,11,-0.663,-0.846,-0.48
1892,12,-0.79,-1.001,-0.578
1893,1,-1.042,-1.22,-0.863
1893,2,-0.848,-1.028,-0.667
1893,3,-0.422,-0.612,-0.231
1893,4,-0.509,-0.695,-0.323
1893,5,-0.57,-0.763,-0.377
1893,6,-0.453,-0.653,-0.253
1893,7,-0.253,-0.441,-0.064
1893,8,-0.296,-0.512,-0.08
1893,9,-0.369,-0.553,-0.185
1893,10,-0.306,-0.48,-0.131
1893,11,-0.402,-0.579,-0.226
1893,12,-0.478,-0.697,-0.258
1894,1,-0.631,-0.811,-0.452
1894,2,-0.42,-0.617,-0.222
1894,3,-0.498,-0.703,-0.294
1894,4,-0.524,-0.721,-0.327
1894,5,-0.514,-0.72,-0.308
1894,6,-0.579,-0.789,-0.37
1894,7,-0.398,-0.6,-0.196
1894,8,-0.355,-0.57,-0.14
1894,9,-0.439,-0.63,-0.249
1894,10,-0.398,-0.582,-0.214
1894,11,-0.45,-0.636,-0.265
1894,12,-0.538,-0.752,-0.325
1895,1,-0.637,-0.813,-0.46
1895,2,-0.632,-0.825,-0.44
1895,3,-0.609,-0.819,-0.4
1895,4,-0.448,-0.666,-0.229
1895,5,-0.469,-0.672,-0.266
1895,6,-0.42,-0.628,-0.213
1895,7,-0.338,-0.535,-0.141
1895,8,-0.375,-0.589,-0.161
1895,9,-0.387,-0.572,-0.203
1895,10,-0.314,-0.475,-0.154
1895,11,-0.312,-0.477,-0.148
1895,12,-0.36,-0.558,-0.162
1896,1,-0.315,-0.489,-0.14
1896,2,-0.329,-0.513,-0.144
1896,3,-0.58,-0.763,-0.397
1896,4,-0.529,-0.712,-0.346
1896,5,-0.347,-0.567,-0.127
1896,6,-0.223,-0.425,-0.022
1896,7,-0.184,-0.361,-0.007
1896,8,-0.175,-0.388,0.037
1896,9,-0.155,-0.345,0.035
1896,10,-0.117,-0.282,0.047
1896,11,-0.308,-0.474,-0.141
1896,12,-0.082,-0.291,0.126
1897,1,-0.289,-0.479,-0.1
1897,2,-0.338,-0.54,-0.136
1897,3,-0.41,-0.606,-0.214
1897,4,-0.108,-0.303,0.087
1897,5,-0.121,-0.313,0.071
1897,6,-0.17,-0.373,0.032
1897,7,-0.189,-0.374,-0.004
1897,8,-0.183,-0.402,0.036
1897,9,-0.176,-0.35,-0.002
1897,10,-0.206,-0.382,-0.029
1897,11,-0.41,-0.574,-0.247
1897,12,-0.454,-0.637,-0.271
1898,1,-0.185,-0.375,0.005
1898,2,-0.543,-0.712,-0.374
1898,3,-0.833,-1,-0.666
1898,4,-0.661,-0.849,-0.473
1898,5,-0.548,-0.732,-0.364
1898,6,-0.335,-0.527,-0.142
1898,7,-0.391,-0.582,-0.199
1898,8,-0.394,-0.603,-0.185
1898,9,-0.36,-0.543,-0.177
1898,10,-0.475,-0.647,-0.304
1898,11,-0.496,-0.656,-0.335
1898,12,-0.467,-0.662,-0.272
1899,1,-0.344,-0.509,-0.179
1899,2,-0.528,-0.692,-0.363
1899,3,-0.563,-0.727,-0.399
1899,4,-0.418,-0.588,-0.248
1899,5,-0.358,-0.542,-0.174
1899,6,-0.508,-0.703,-0.313
1899,7,-0.364,-0.549,-0.179
1899,8,-0.236,-0.453,-0.02
1899,9,-0.143,-0.321,0.034
1899,10,-0.176,-0.339,-0.012
1899,11,-0.045,-0.204,0.113
1899,12,-0.448,-0.64,-0.256
1900,1,-0.482,-0.644,-0.319
1900,2,-0.192,-0.351,-0.033
1900,3,-0.199,-0.368,-0.03
1900,4,-0.224,-0.403,-0.045
1900,5,-0.3,-0.486,-0.115
1900,6,-0.224,-0.423,-0.024
1900,7,-0.21,-0.39,-0.03
1900,8,-0.21,-0.425,0.004
1900,9,-0.193,-0.38,-0.006
1900,10,-0.058,-0.232,0.115
1900,11,-0.257,-0.424,-0.09
1900,12,-0.214,-0.4,-0.028
1901,1,-0.265,-0.424,-0.106
1901,2,-0.259,-0.413,-0.105
1901,3,-0.18,-0.337,-0.024
1901,4,-0.165,-0.338,0.007
1901,5,-0.235,-0.428,-0.042
1901,6,-0.257,-0.451,-0.063
1901,7,-0.346,-0.531,-0.16
1901,8,-0.211,-0.426,0.004
1901,9,-0.356,-0.534,-0.179
1901,10,-0.336,-0.508,-0.163
1901,11,-0.374,-0.533,-0.215
1901,12,-0.465,-0.635,-0.295
1902,1,-0.425,-0.58,-0.271
1902,2,-0.225,-0.373,-0.077
1902,3,-0.455,-0.609,-0.302
1902,4,-0.445,-0.612,-0.278
1902,5,-0.435,-0.632,-0.238
1902,6,-0.45,-0.643,-0.256
1902,7,-0.412,-0.589,-0.234
1902,8,-0.43,-0.634,-0.226
1902,9,-0.373,-0.551,-0.195
1902,10,-0.497,-0.668,-0.326
1902,11,-0.554,-0.715,-0.393
1902,12,-0.549,-0.724,-0.373
1903,1,-0.422,-0.572,-0.272
1903,2,-0.234,-0.373,-0.096
1903,3,-0.406,-0.548,-0.265
1903,4,-0.59,-0.75,-0.43
1903,5,-0.514,-0.697,-0.33
1903,6,-0.549,-0.732,-0.367
1903,7,-0.511,-0.682,-0.34
1903,8,-0.611,-0.822,-0.4
1903,9,-0.571,-0.745,-0.397
1903,10,-0.674,-0.832,-0.516
1903,11,-0.631,-0.784,-0.479
1903,12,-0.708,-0.87,-0.545
1904,1,-0.798,-0.947,-0.648
1904,2,-0.767,-0.92,-0.614
1904,3,-0.694,-0.842,-0.547
1904,4,-0.645,-0.814,-0.476
1904,5,-0.612,-0.789,-0.434
1904,6,-0.569,-0.755,-0.382
1904,7,-0.559,-0.731,-0.387
1904,8,-0.485,-0.691,-0.278
1904,9,-0.601,-0.782,-0.42
1904,10,-0.553,-0.715,-0.39
1904,11,-0.393,-0.546,-0.241
1904,12,-0.495,-0.671,-0.318
1905,1,-0.457,-0.604,-0.31
1905,2,-0.716,-0.862,-0.569
1905,3,-0.519,-0.66,-0.379
1905,4,-0.558,-0.715,-0.402
1905,5,-0.434,-0.61,-0.259
1905,6,-0.345,-0.525,-0.165
1905,7,-0.376,-0.538,-0.214
1905,8,-0.306,-0.512,-0.099
1905,9,-0.347,-0.514,-0.181
1905,10,-0.335,-0.488,-0.182
1905,11,-0.216,-0.359,-0.074
1905,12,-0.264,-0.437,-0.092
1906,1,-0.285,-0.432,-0.137
1906,2,-0.377,-0.511,-0.242
1906,3,-0.281,-0.427,-0.136
1906,4,-0.1,-0.256,0.056
1906,5,-0.372,-0.547,-0.198
1906,6,-0.229,-0.411,-0.047
1906,7,-0.347,-0.52,-0.173
1906,8,-0.273,-0.481,-0.065
1906,9,-0.353,-0.526,-0.179
1906,10,-0.32,-0.473,-0.168
1906,11,-0.531,-0.677,-0.385
1906,12,-0.317,-0.478,-0.157
1907,1,-0.516,-0.656,-0.377
1907,2,-0.616,-0.761,-0.472
1907,3,-0.428,-0.572,-0.285
1907,4,-0.473,-0.632,-0.314
1907,5,-0.638,-0.809,-0.467
1907,6,-0.539,-0.721,-0.358
1907,7,-0.433,-0.603,-0.262
1907,8,-0.493,-0.704,-0.282
1907,9,-0.401,-0.568,-0.234
1907,10,-0.333,-0.481,-0.186
1907,11,-0.549,-0.695,-0.404
1907,12,-0.583,-0.762,-0.404
1908,1,-0.454,-0.597,-0.31
1908,2,-0.407,-0.55,-0.264
1908,3,-0.697,-0.835,-0.56
1908,4,-0.582,-0.735,-0.43
1908,5,-0.439,-0.621,-0.257
1908,6,-0.41,-0.601,-0.22
1908,7,-0.397,-0.563,-0.23
1908,8,-0.482,-0.697,-0.267
1908,9,-0.384,-0.553,-0.215
1908,10,-0.569,-0.715,-0.423
1908,11,-0.639,-0.776,-0.502
1908,12,-0.631,-0.79,-0.472
1909,1,-0.756,-0.886,-0.625
1909,2,-0.534,-0.668,-0.4
1909,3,-0.653,-0.786,-0.52
1909,4,-0.632,-0.78,-0.485
1909,5,-0.591,-0.766,-0.416
1909,6,-0.508,-0.693,-0.324
1909,7,-0.529,-0.688,-0.369
1909,8,-0.33,-0.536,-0.124
1909,9,-0.409,-0.571,-0.247
1909,10,-0.491,-0.634,-0.348
1909,11,-0.385,-0.521,-0.25
1909,12,-0.593,-0.745,-0.441
1910,1,-0.419,-0.553,-0.285
1910,2,-0.506,-0.639,-0.373
1910,3,-0.603,-0.745,-0.461
1910,4,-0.527,-0.674,-0.38
1910,5,-0.525,-0.698,-0.351
1910,6,-0.554,-0.734,-0.374
1910,7,-0.444,-0.606,-0.282
1910,8,-0.392,-0.603,-0.181
1910,9,-0.419,-0.584,-0.254
1910,10,-0.479,-0.622,-0.336
1910,11,-0.67,-0.802,-0.537
1910,12,-0.746,-0.9,-0.593
1911,1,-0.659,-0.781,-0.536
1911,2,-0.709,-0.831,-0.587
1911,3,-0.766,-0.889,-0.644
1911,4,-0.644,-0.793,-0.495
1911,5,-0.643,-0.811,-0.475
1911,6,-0.562,-0.742,-0.382
1911,7,-0.499,-0.666,-0.331
1911,8,-0.511,-0.716,-0.307
1911,9,-0.503,-0.676,-0.329
1911,10,-0.354,-0.489,-0.218
1911,11,-0.346,-0.479,-0.213
1911,12,-0.305,-0.459,-0.151
1912,1,-0.329,-0.451,-0.206
1912,2,-0.314,-0.43,-0.198
1912,3,-0.558,-0.677,-0.439
1912,4,-0.339,-0.485,-0.193
1912,5,-0.337,-0.496,-0.177
1912,6,-0.292,-0.463,-0.121
1912,7,-0.512,-0.664,-0.36
1912,8,-0.582,-0.784,-0.38
1912,9,-0.648,-0.804,-0.491
1912,10,-0.687,-0.819,-0.554
1912,11,-0.558,-0.684,-0.432
1912,12,-0.578,-0.724,-0.432
1913,1,-0.548,-0.677,-0.419
1913,2,-0.542,-0.662,-0.422
1913,3,-0.603,-0.725,-0.481
1913,4,-0.524,-0.678,-0.371
1913,5,-0.549,-0.714,-0.384
1913,6,-0.548,-0.729,-0.367
1913,7,-0.489,-0.651,-0.327
1913,8,-0.402,-0.603,-0.201
1913,9,-0.42,-0.578,-0.262
1913,10,-0.444,-0.583,-0.305
1913,11,-0.363,-0.492,-0.235
1913,12,-0.152,-0.3,-0.004
1914,1,-0.073,-0.197,0.051
1914,2,-0.257,-0.38,-0.135
1914,3,-0.394,-0.519,-0.27
1914,4,-0.403,-0.541,-0.265
1914,5,-0.31,-0.47,-0.15
1914,6,-0.312,-0.488,-0.137
1914,7,-0.3,-0.46,-0.139
1914,8,-0.248,-0.453,-0.042
1914,9,-0.305,-0.483,-0.126
1914,10,-0.112,-0.258,0.034
1914,11,-0.184,-0.32,-0.048
1914,12,-0.24,-0.386,-0.093
1915,1,-0.285,-0.428,-0.142
1915,2,-0.215,-0.356,-0.075
1915,3,-0.197,-0.345,-0.05
1915,4,-0.087,-0.24,0.066
1915,5,-0.178,-0.365,0.009
1915,6,-0.176,-0.369,0.016
1915,7,-0.179,-0.36,0.002
1915,8,-0.066,-0.286,0.154
1915,9,-0.115,-0.284,0.055
1915,10,-0.284,-0.436,-0.132
1915,11,-0.172,-0.31,-0.035
1915,12,-0.354,-0.491,-0.217
1916,1,-0.338,-0.471,-0.205
1916,2,-0.267,-0.406,-0.128
1916,3,-0.437,-0.571,-0.303
1916,4,-0.382,-0.54,-0.224
1916,5,-0.429,-0.626,-0.231
1916,6,-0.5,-0.7,-0.301
1916,7,-0.388,-0.575,-0.202
1916,8,-0.298,-0.511,-0.086
1916,9,-0.327,-0.498,-0.157
1916,10,-0.374,-0.528,-0.221
1916,11,-0.512,-0.648,-0.376
1916,12,-0.813,-0.953,-0.674
1917,1,-0.694,-0.838,-0.551
1917,2,-0.719,-0.873,-0.565
1917,3,-0.782,-0.925,-0.64
1917,4,-0.546,-0.711,-0.381
1917,5,-0.643,-0.836,-0.45
1917,6,-0.481,-0.687,-0.276
1917,7,-0.26,-0.452,-0.067
1917,8,-0.341,-0.586,-0.096
1917,9,-0.305,-0.483,-0.128
1917,10,-0.535,-0.691,-0.379
1917,11,-0.458,-0.597,-0.318
1917,12,-0.79,-0.956,-0.624
1918,1,-0.521,-0.677,-0.365
1918,2,-0.68,-0.832,-0.527
1918,3,-0.585,-0.74,-0.429
1918,4,-0.629,-0.806,-0.451
1918,5,-0.529,-0.744,-0.314
1918,6,-0.392,-0.602,-0.182
1918,7,-0.373,-0.556,-0.19
1918,8,-0.446,-0.674,-0.218
1918,9,-0.277,-0.464,-0.089
1918,10,-0.12,-0.296,0.057
1918,11,-0.171,-0.346,0.003
1918,12,-0.419,-0.587,-0.252
1919,1,-0.246,-0.417,-0.074
1919,2,-0.238,-0.396,-0.081
1919,3,-0.396,-0.572,-0.22
1919,4,-0.212,-0.403,-0.021
1919,5,-0.315,-0.519,-0.111
1919,6,-0.371,-0.567,-0.175
1919,7,-0.323,-0.519,-0.126
1919,8,-0.26,-0.493,-0.027
1919,9,-0.296,-0.474,-0.119
1919,10,-0.275,-0.446,-0.103
1919,11,-0.563,-0.708,-0.419
1919,12,-0.521,-0.677,-0.365
1920,1,-0.278,-0.438,-0.118
1920,2,-0.548,-0.683,-0.413
1920,3,-0.171,-0.327,-0.015
1920,4,-0.344,-0.527,-0.161
1920,5,-0.263,-0.461,-0.066
1920,6,-0.254,-0.46,-0.049
1920,7,-0.321,-0.506,-0.135
1920,8,-0.236,-0.458,-0.014
1920,9,-0.207,-0.386,-0.029
1920,10,-0.224,-0.377,-0.072
1920,11,-0.341,-0.5,-0.182
1920,12,-0.494,-0.639,-0.349
1921,1,-0.232,-0.371,-0.093
1921,2,-0.297,-0.433,-0.162
1921,3,-0.35,-0.488,-0.212
1921,4,-0.296,-0.456,-0.136
1921,5,-0.303,-0.484,-0.121
1921,6,-0.163,-0.357,0.031
1921,7,-0.154,-0.337,0.029
1921,8,-0.319,-0.531,-0.107
1921,9,-0.199,-0.368,-0.03
1921,10,-0.132,-0.279,0.016
1921,11,-0.196,-0.327,-0.065
1921,12,-0.283,-0.417,-0.149
1922,1,-0.421,-0.551,-0.291
1922,2,-0.408,-0.53,-0.286
1922,3,-0.333,-0.468,-0.198
1922,4,-0.297,-0.448,-0.147
1922,5,-0.471,-0.646,-0.295
1922,6,-0.299,-0.475,-0.123
1922,7,-0.266,-0.434,-0.097
1922,8,-0.356,-0.557,-0.155
1922,9,-0.319,-0.481,-0.156
1922,10,-0.35,-0.488,-0.211
1922,11,-0.256,-0.374,-0.139
1922,12,-0.31,-0.441,-0.178
1923,1,-0.407,-0.53,-0.284
1923,2,-0.491,-0.611,-0.371
1923,3,-0.462,-0.583,-0.341
1923,4,-0.41,-0.553,-0.267
1923,5,-0.403,-0.572,-0.234
1923,6,-0.261,-0.437,-0.086
1923,7,-0.417,-0.577,-0.256
1923,8,-0.323,-0.525,-0.121
1923,9,-0.336,-0.497,-0.174
1923,10,-0.171,-0.309,-0.033
1923,11,-0.028,-0.148,0.093
1923,12,-0.094,-0.217,0.03
1924,1,-0.33,-0.457,-0.204
1924,2,-0.312,-0.43,-0.194
1924,3,-0.18,-0.302,-0.058
1924,4,-0.34,-0.484,-0.197
1924,5,-0.214,-0.38,-0.049
1924,6,-0.272,-0.451,-0.093
1924,7,-0.298,-0.45,-0.147
1924,8,-0.316,-0.521,-0.111
1924,9,-0.328,-0.49,-0.165
1924,10,-0.361,-0.499,-0.224
1924,11,-0.286,-0.405,-0.166
1924,12,-0.492,-0.614,-0.37
1925,1,-0.487,-0.613,-0.36
1925,2,-0.477,-0.598,-0.356
1925,3,-0.376,-0.5,-0.253
1925,4,-0.303,-0.446,-0.16
1925,5,-0.31,-0.487,-0.132
1925,6,-0.342,-0.531,-0.153
1925,7,-0.34,-0.494,-0.186
1925,8,-0.168,-0.37,0.034
1925,9,-0.256,-0.423,-0.09
1925,10,-0.285,-0.431,-0.138
1925,11,-0.046,-0.166,0.074
1925,12,0.016,-0.109,0.141
1926,1,0.087,-0.045,0.219
1926,2,-0.026,-0.146,0.093
1926,3,0.021,-0.103,0.146
1926,4,-0.159,-0.312,-0.007
1926,5,-0.269,-0.44,-0.098
1926,6,-0.183,-0.36,-0.006
1926,7,-0.211,-0.374,-0.049
1926,8,-0.104,-0.313,0.106
1926,9,-0.12,-0.28,0.039
1926,10,-0.071,-0.21,0.068
1926,11,-0.112,-0.237,0.013
1926,12,-0.319,-0.447,-0.192
1927,1,-0.312,-0.437,-0.188
1927,2,-0.209,-0.319,-0.098
1927,3,-0.411,-0.525,-0.297
1927,4,-0.318,-0.457,-0.179
1927,5,-0.234,-0.398,-0.069
1927,6,-0.252,-0.429,-0.074
1927,7,-0.213,-0.366,-0.06
1927,8,-0.209,-0.406,-0.012
1927,9,-0.111,-0.264,0.043
1927,10,-0.024,-0.164,0.116
1927,11,-0.123,-0.24,-0.006
1927,12,-0.322,-0.444,-0.2
1928,1,-0.027,-0.156,0.102
1928,2,-0.125,-0.253,0.003
1928,3,-0.321,-0.45,-0.191
1928,4,-0.238,-0.382,-0.094
1928,5,-0.305,-0.475,-0.134
1928,6,-0.335,-0.506,-0.163
1928,7,-0.193,-0.345,-0.041
1928,8,-0.18,-0.376,0.017
1928,9,-0.209,-0.375,-0.043
1928,10,-0.189,-0.327,-0.051
1928,11,-0.175,-0.303,-0.047
1928,12,-0.234,-0.359,-0.109
1929,1,-0.437,-0.561,-0.313
1929,2,-0.603,-0.725,-0.482
1929,3,-0.487,-0.612,-0.363
1929,4,-0.443,-0.59,-0.296
1929,5,-0.437,-0.605,-0.269
1929,6,-0.406,-0.579,-0.232
1929,7,-0.438,-0.595,-0.28
1929,8,-0.264,-0.47,-0.058
1929,9,-0.276,-0.439,-0.112
1929,10,-0.216,-0.355,-0.078
1929,11,-0.139,-0.257,-0.022
1929,12,-0.564,-0.687,-0.442
1930,1,-0.361,-0.488,-0.234
1930,2,-0.34,-0.459,-0.22
1930,3,-0.246,-0.368,-0.125
1930,4,-0.227,-0.369,-0.084
1930,5,-0.249,-0.413,-0.085
1930,6,-0.199,-0.375,-0.023
1930,7,-0.182,-0.349,-0.015
1930,8,-0.092,-0.297,0.113
1930,9,-0.095,-0.257,0.067
1930,10,-0.083,-0.217,0.05
1930,11,0.072,-0.05,0.195
1930,12,-0.058,-0.176,0.06
1931,1,-0.133,-0.26,-0.006
1931,2,-0.249,-0.359,-0.138
1931,3,-0.106,-0.227,0.015
1931,4,-0.169,-0.312,-0.025
1931,5,-0.196,-0.362,-0.03
1931,6,-0.023,-0.199,0.153
1931,7,-0.009,-0.176,0.158
1931,8,-0.029,-0.239,0.181
1931,9,-0.051,-0.206,0.103
1931,10,-0.025,-0.166,0.117
1931,11,-0.14,-0.256,-0.025
1931,12,-0.103,-0.219,0.013
1932,1,0.081,-0.039,0.2
1932,2,-0.18,-0.292,-0.069
1932,3,-0.195,-0.316,-0.074
1932,4,-0.065,-0.198,0.069
1932,5,-0.161,-0.315,-0.006
1932,6,-0.256,-0.42,-0.091
1932,7,-0.132,-0.291,0.027
1932,8,-0.19,-0.393,0.014
1932,9,-0.004,-0.153,0.145
1932,10,-0.096,-0.233,0.041
1932,11,-0.294,-0.408,-0.179
1932,12,-0.267,-0.383,-0.151
1933,1,-0.255,-0.367,-0.144
1933,2,-0.296,-0.402,-0.191
1933,3,-0.34,-0.448,-0.231
1933,4,-0.241,-0.375,-0.107
1933,5,-0.229,-0.395,-0.062
1933,6,-0.27,-0.451,-0.089
1933,7,-0.239,-0.393,-0.085
1933,8,-0.109,-0.306,0.089
1933,9,-0.284,-0.44,-0.127
1933,10,-0.202,-0.334,-0.07
1933,11,-0.359,-0.469,-0.25
1933,12,-0.471,-0.577,-0.364
1934,1,-0.276,-0.382,-0.17
1934,2,-0.095,-0.193,0.003
1934,3,-0.383,-0.489,-0.276
1934,4,-0.321,-0.451,-0.19
1934,5,-0.093,-0.252,0.065
1934,6,-0.043,-0.231,0.145
1934,7,-0.13,-0.286,0.025
1934,8,-0.063,-0.272,0.146
1934,9,-0.088,-0.24,0.064
1934,10,-0.033,-0.171,0.105
1934,11,0.079,-0.028,0.186
1934,12,-0.067,-0.173,0.04
1935,1,-0.303,-0.416,-0.189
1935,2,0.099,-0.002,0.199
1935,3,-0.171,-0.27,-0.071
1935,4,-0.275,-0.409,-0.141
1935,5,-0.265,-0.433,-0.096
1935,6,-0.165,-0.342,0.012
1935,7,-0.098,-0.254,0.058
1935,8,-0.103,-0.297,0.091
1935,9,-0.143,-0.292,0.007
1935,10,-0.013,-0.138,0.111
1935,11,-0.277,-0.379,-0.174
1935,12,-0.211,-0.31,-0.112
1936,1,-0.352,-0.459,-0.246
1936,2,-0.295,-0.395,-0.194
1936,3,-0.283,-0.389,-0.177
1936,4,-0.147,-0.274,-0.019
1936,5,-0.125,-0.288,0.038
1936,6,-0.107,-0.274,0.06
1936,7,-0.026,-0.18,0.127
1936,8,-0.03,-0.229,0.169
1936,9,-0.065,-0.217,0.086
1936,10,0.004,-0.129,0.137
1936,11,-0.007,-0.116,0.101
1936,12,-0.053,-0.165,0.058
1937,1,-0.068,-0.177,0.041
1937,2,0.121,0.02,0.223
1937,3,-0.216,-0.319,-0.113
1937,4,-0.075,-0.203,0.052
1937,5,-0.045,-0.206,0.115
1937,6,0.04,-0.132,0.212
1937,7,0.068,-0.078,0.214
1937,8,0.081,-0.11,0.273
1937,9,0.186,0.036,0.336
1937,10,0.173,0.04,0.307
1937,11,0.111,0.005,0.217
1937,12,-0.029,-0.142,0.083
1938,1,0.086,-0.019,0.191
1938,2,0.029,-0.068,0.125
1938,3,0.023,-0.076,0.123
1938,4,0.085,-0.049,0.219
1938,5,-0.051,-0.221,0.119
1938,6,-0.047,-0.218,0.124
1938,7,-0.001,-0.153,0.152
1938,8,0.039,-0.156,0.235
1938,9,0.065,-0.087,0.218
1938,10,0.203,0.067,0.338
1938,11,0.099,-0.008,0.205
1938,12,-0.157,-0.269,-0.044
1939,1,-0.077,-0.176,0.022
1939,2,-0.07,-0.157,0.016
1939,3,-0.244,-0.339,-0.15
1939,4,-0.061,-0.185,0.063
1939,5,0.015,-0.138,0.168
1939,6,0.064,-0.103,0.231
1939,7,0.014,-0.144,0.172
1939,8,0.024,-0.185,0.234
1939,9,0.056,-0.117,0.229
1939,10,-0.029,-0.19,0.133
1939,11,0.123,-0.001,0.247
1939,12,0.439,0.315,0.564
1940,1,0.045,-0.075,0.165
1940,2,0.177,0.065,0.288
1940,3,0.052,-0.068,0.173
1940,4,0.226,0.048,0.404
1940,5,0.112,-0.077,0.302
1940,6,0.123,-0.065,0.31
1940,7,0.218,0.046,0.39
1940,8,0.16,-0.054,0.374
1940,9,0.183,0.021,0.344
1940,10,0.148,-0.001,0.297
1940,11,0.057,-0.065,0.178
1940,12,0.266,0.142,0.39
1941,1,-0.021,-0.185,0.142
1941,2,0.122,-0.029,0.272
1941,3,-0.116,-0.269,0.036
1941,4,0.03,-0.154,0.214
1941,5,0.06,-0.152,0.273
1941,6,0.054,-0.155,0.263
1941,7,0.159,-0.02,0.339
1941,8,0.042,-0.182,0.266
1941,9,-0.163,-0.352,0.026
1941,10,0.186,0.019,0.354
1941,11,-0.037,-0.19,0.116
1941,12,0.071,-0.087,0.23
1942,1,0.219,0.055,0.382
1942,2,-0.02,-0.176,0.135
1942,3,-0.079,-0.24,0.081
1942,4,-0.037,-0.226,0.153
1942,5,0.093,-0.125,0.311
1942,6,-0.003,-0.218,0.213
1942,7,-0.092,-0.292,0.109
1942,8,-0.093,-0.336,0.15
1942,9,-0.049,-0.254,0.156
1942,10,-0.126,-0.302,0.05
1942,11,-0.095,-0.255,0.065
1942,12,-0.118,-0.283,0.047
1943,1,-0.227,-0.4,-0.054
1943,2,-0.063,-0.225,0.099
1943,3,-0.2,-0.372,-0.029
1943,4,-0.011,-0.204,0.181
1943,5,-0.002,-0.227,0.224
1943,6,-0.116,-0.334,0.102
1943,7,-0.017,-0.209,0.175
1943,8,-0.011,-0.254,0.232
1943,9,-0.057,-0.247,0.133
1943,10,0.187,0.004,0.37
1943,11,0.061,-0.107,0.23
1943,12,0.066,-0.095,0.228
1944,1,0.281,0.121,0.44
1944,2,0.079,-0.074,0.233
1944,3,0.073,-0.096,0.243
1944,4,-0.003,-0.193,0.186
1944,5,0.074,-0.148,0.296
1944,6,0.059,-0.164,0.281
1944,7,0.104,-0.095,0.304
1944,8,0.161,-0.093,0.416
1944,9,0.12,-0.076,0.316
1944,10,0.164,-0.013,0.34
1944,11,0.043,-0.12,0.206
1944,12,0.036,-0.116,0.189
1945,1,0.045,-0.123,0.214
1945,2,-0.001,-0.17,0.168
1945,3,-0.012,-0.188,0.163
1945,4,0.162,-0.038,0.362
1945,5,-0.107,-0.343,0.129
1945,6,-0.086,-0.315,0.142
1945,7,-0.043,-0.254,0.168
1945,8,0.192,-0.076,0.46
1945,9,0.061,-0.138,0.261
1945,10,0.049,-0.158,0.257
1945,11,-0.044,-0.238,0.15
1945,12,-0.243,-0.41,-0.077
1946,1,0.028,-0.135,0.19
1946,2,-0.138,-0.297,0.021
1946,3,-0.144,-0.298,0.011
1946,4,-0.018,-0.189,0.152
1946,5,-0.097,-0.285,0.09
1946,6,-0.283,-0.479,-0.087
1946,7,-0.127,-0.312,0.058
1946,8,-0.171,-0.398,0.056
1946,9,-0.111,-0.289,0.067
1946,10,-0.085,-0.243,0.074
1946,11,-0.128,-0.269,0.012
1946,12,-0.36,-0.491,-0.228
1947,1,-0.168,-0.296,-0.04
1947,2,-0.16,-0.283,-0.037
1947,3,-0.091,-0.227,0.044
1947,4,-0.073,-0.234,0.089
1947,5,-0.085,-0.281,0.11
1947,6,-0.105,-0.315,0.106
1947,7,-0.08,-0.264,0.104
1947,8,-0.129,-0.354,0.096
1947,9,-0.177,-0.364,0.01
1947,10,0.022,-0.15,0.193
1947,11,0.013,-0.132,0.159
1947,12,-0.248,-0.387,-0.109
1948,1,-0.035,-0.16,0.091
1948,2,-0.252,-0.38,-0.125
1948,3,-0.303,-0.435,-0.171
1948,4,-0.132,-0.294,0.029
1948,5,0.039,-0.155,0.234
1948,6,-0.027,-0.215,0.162
1948,7,-0.148,-0.33,0.035
1948,8,-0.063,-0.277,0.151
1948,9,-0.153,-0.323,0.017
1948,10,-0.074,-0.226,0.078
1948,11,-0.192,-0.335,-0.05
1948,12,-0.364,-0.499,-0.229
1949,1,-0.043,-0.159,0.074
1949,2,-0.262,-0.373,-0.15
1949,3,-0.135,-0.249,-0.021
1949,4,-0.172,-0.314,-0.03
1949,5,-0.133,-0.316,0.049
1949,6,-0.259,-0.44,-0.078
1949,7,-0.205,-0.374,-0.037
1949,8,-0.102,-0.315,0.112
1949,9,-0.152,-0.316,0.012
1949,10,-0.117,-0.257,0.024
1949,11,-0.211,-0.331,-0.091
1949,12,-0.239,-0.355,-0.123
1950,1,-0.327,-0.436,-0.219
1950,2,-0.397,-0.51,-0.284
1950,3,-0.246,-0.354,-0.139
1950,4,-0.27,-0.418,-0.122
1950,5,-0.173,-0.342,-0.004
1950,6,-0.132,-0.319,0.055
1950,7,-0.138,-0.297,0.021
1950,8,-0.184,-0.39,0.021
1950,9,-0.274,-0.428,-0.12
1950,10,-0.229,-0.366,-0.091
1950,11,-0.409,-0.517,-0.302
1950,12,-0.284,-0.399,-0.169
1951,1,-0.385,-0.489,-0.281
1951,2,-0.534,-0.63,-0.439
1951,3,-0.29,-0.39,-0.19
1951,4,-0.146,-0.278,-0.014
1951,5,0.006,-0.178,0.189
1951,6,0.035,-0.138,0.208
1951,7,0.012,-0.148,0.172
1951,8,0.096,-0.106,0.297
1951,9,0.108,-0.045,0.261
1951,10,0.102,-0.029,0.233
1951,11,-0.095,-0.203,0.013
1951,12,0.051,-0.054,0.156
1952,1,0.076,-0.031,0.184
1952,2,0.05,-0.053,0.152
1952,3,-0.181,-0.28,-0.082
1952,4,0.026,-0.117,0.169
1952,5,0.005,-0.18,0.19
1952,6,0.003,-0.186,0.192
1952,7,0.073,-0.098,0.244
1952,8,0.081,-0.13,0.292
1952,9,0.074,-0.089,0.237
1952,10,-0.038,-0.175,0.099
1952,11,-0.145,-0.256,-0.034
1952,12,-0.057,-0.162,0.048
1953,1,-0.024,-0.134,0.086
1953,2,0.081,-0.022,0.184
1953,3,-0.001,-0.105,0.102
1953,4,0.211,0.063,0.36
1953,5,0.137,-0.041,0.314
1953,6,0.129,-0.057,0.316
1953,7,0.029,-0.138,0.195
1953,8,0.075,-0.133,0.283
1953,9,0.072,-0.087,0.23
1953,10,0.071,-0.067,0.209
1953,11,-0.023,-0.139,0.093
1953,12,0.008,-0.101,0.117
1954,1,-0.258,-0.355,-0.161
1954,2,-0.106,-0.199,-0.013
1954,3,-0.198,-0.291,-0.104
1954,4,-0.131,-0.26,-0.003
1954,5,-0.186,-0.353,-0.02
1954,6,-0.147,-0.318,0.025
1954,7,-0.212,-0.367,-0.058
1954,8,-0.117,-0.298,0.064
1954,9,-0.132,-0.281,0.017
1954,10,-0.028,-0.15,0.095
1954,11,0.102,0.002,0.202
1954,12,-0.18,-0.28,-0.08
1955,1,0.094,-0.004,0.191
1955,2,-0.206,-0.293,-0.118
1955,3,-0.413,-0.505,-0.321
1955,4,-0.246,-0.381,-0.112
1955,5,-0.254,-0.42,-0.088
1955,6,-0.198,-0.367,-0.029
1955,7,-0.23,-0.387,-0.073
1955,8,-0.11,-0.301,0.082
1955,9,-0.164,-0.3,-0.028
1955,10,-0.135,-0.255,-0.015
1955,11,-0.343,-0.447,-0.239
1955,12,-0.386,-0.48,-0.292
1956,1,-0.255,-0.34,-0.17
1956,2,-0.305,-0.387,-0.223
1956,3,-0.383,-0.47,-0.296
1956,4,-0.327,-0.43,-0.224
1956,5,-0.358,-0.475,-0.241
1956,6,-0.248,-0.363,-0.134
1956,7,-0.231,-0.348,-0.114
1956,8,-0.31,-0.45,-0.17
1956,9,-0.293,-0.411,-0.175
1956,10,-0.283,-0.379,-0.187
1956,11,-0.239,-0.322,-0.155
1956,12,-0.176,-0.259,-0.093
1957,1,-0.237,-0.316,-0.158
1957,2,-0.178,-0.258,-0.098
1957,3,-0.218,-0.295,-0.141
1957,4,-0.062,-0.147,0.023
1957,5,0.013,-0.075,0.101
1957,6,0.045,-0.052,0.142
1957,7,-0.084,-0.188,0.02
1957,8,0.05,-0.051,0.15
1957,9,0.017,-0.075,0.109
1957,10,-0.02,-0.102,0.063
1957,11,-0.024,-0.111,0.062
1957,12,0.032,-0.045,0.109
1958,1,0.237,0.167,0.307
1958,2,0.069,-0.004,0.143
1958,3,-0.013,-0.085,0.06
1958,4,-0.087,-0.164,-0.011
1958,5,-0.005,-0.091,0.08
1958,6,-0.176,-0.268,-0.084
1958,7,-0.039,-0.142,0.064
1958,8,-0.101,-0.2,-0.003
1958,9,-0.132,-0.224,-0.041
1958,10,-0.037,-0.127,0.053
1958,11,-0.056,-0.129,0.017
1958,12,-0.101,-0.174,-0.027
1959,1,-0.002,-0.073,0.07
1959,2,-0.025,-0.099,0.049
1959,3,0.001,-0.078,0.079
1959,4,0.01,-0.069,0.09
1959,5,-0.058,-0.147,0.031
1959,6,-0.021,-0.12,0.077
1959,7,-0.058,-0.159,0.044
1959,8,-0.06,-0.15,0.03
1959,9,-0.16,-0.249,-0.071
1959,10,-0.089,-0.173,-0.005
1959,11,-0.199,-0.277,-0.122
1959,12,-0.118,-0.187,-0.05
1960,1,-0.129,-0.192,-0.066
1960,2,0.006,-0.055,0.067
1960,3,-0.463,-0.527,-0.399
1960,4,-0.28,-0.352,-0.208
1960,5,-0.196,-0.275,-0.118
1960,6,-0.142,-0.229,-0.055
1960,7,-0.131,-0.223,-0.039
1960,8,-0.021,-0.11,0.069
1960,9,-0.013,-0.096,0.069
1960,10,-0.047,-0.126,0.033
1960,11,-0.227,-0.293,-0.161
1960,12,0.07,0.009,0.13
1961,1,-0.056,-0.114,0.002
1961,2,0.086,0.031,0.141
1961,3,-0.068,-0.127,-0.008
1961,4,0.054,-0.014,0.123
1961,5,0.063,-0.012,0.138
1961,6,0.081,-0.001,0.164
1961,7,-0.044,-0.13,0.042
1961,8,-0.021,-0.098,0.055
1961,9,-0.038,-0.115,0.04
1961,10,-0.073,-0.135,-0.012
1961,11,-0.038,-0.094,0.019
1961,12,-0.26,-0.316,-0.204
1962,1,-0.061,-0.119,-0.004
1962,2,0.01,-0.048,0.068
1962,3,0.015,-0.041,0.07
1962,4,-0.027,-0.098,0.044
1962,5,-0.184,-0.261,-0.106
1962,6,-0.06,-0.148,0.028
1962,7,-0.118,-0.215,-0.021
1962,8,-0.118,-0.204,-0.032
1962,9,-0.081,-0.155,-0.006
1962,10,-0.048,-0.124,0.027
1962,11,-0.028,-0.091,0.034
1962,12,-0.135,-0.197,-0.073
1963,1,-0.125,-0.178,-0.071
1963,2,0.035,-0.024,0.093
1963,3,-0.348,-0.408,-0.289
1963,4,-0.185,-0.251,-0.119
1963,5,-0.152,-0.23,-0.074
1963,6,-0.07,-0.155,0.015
1963,7,0.06,-0.033,0.153
1963,8,0.148,0.058,0.238
1963,9,0.123,0.04,0.205
1963,10,0.065,-0.011,0.14
1963,11,0.047,-0.022,0.117
1963,12,-0.061,-0.123,0
1964,1,-0.194,-0.25,-0.138
1964,2,-0.226,-0.282,-0.169
1964,3,-0.386,-0.445,-0.326
1964,4,-0.443,-0.508,-0.379
1964,5,-0.376,-0.445,-0.308
1964,6,-0.172,-0.245,-0.099
1964,7,-0.206,-0.282,-0.131
1964,8,-0.304,-0.38,-0.227
1964,9,-0.409,-0.476,-0.342
1964,10,-0.316,-0.382,-0.25
1964,11,-0.3,-0.357,-0.243
1964,12,-0.376,-0.43,-0.323
1965,1,-0.164,-0.222,-0.106
1965,2,-0.269,-0.33,-0.207
1965,3,-0.262,-0.322,-0.201
1965,4,-0.304,-0.368,-0.239
1965,5,-0.195,-0.27,-0.121
1965,6,-0.212,-0.291,-0.132
1965,7,-0.271,-0.355,-0.187
1965,8,-0.165,-0.243,-0.086
1965,9,-0.249,-0.327,-0.171
1965,10,-0.108,-0.177,-0.039
1965,11,-0.146,-0.208,-0.084
1965,12,-0.148,-0.209,-0.088
1966,1,-0.285,-0.341,-0.229
1966,2,-0.166,-0.225,-0.107
1966,3,-0.174,-0.234,-0.115
1966,4,-0.174,-0.237,-0.112
1966,5,-0.218,-0.284,-0.152
1966,6,-0.105,-0.185,-0.025
1966,7,0,-0.088,0.088
1966,8,-0.102,-0.189,-0.015
1966,9,-0.087,-0.163,-0.012
1966,10,-0.237,-0.302,-0.172
1966,11,-0.109,-0.165,-0.053
1966,12,-0.143,-0.202,-0.083
1967,1,-0.223,-0.276,-0.171
1967,2,-0.331,-0.388,-0.275
1967,3,-0.101,-0.154,-0.047
1967,4,-0.138,-0.199,-0.078
1967,5,0.054,-0.011,0.118
1967,6,-0.115,-0.192,-0.039
1967,7,-0.073,-0.156,0.01
1967,8,-0.107,-0.182,-0.032
1967,9,-0.131,-0.204,-0.058
1967,10,-0.026,-0.095,0.042
1967,11,-0.128,-0.18,-0.076
1967,12,-0.16,-0.207,-0.113
1968,1,-0.324,-0.372,-0.276
1968,2,-0.266,-0.319,-0.213
1968,3,-0.003,-0.054,0.047
1968,4,-0.182,-0.237,-0.128
1968,5,-0.227,-0.29,-0.164
1968,6,-0.153,-0.228,-0.078
1968,7,-0.199,-0.279,-0.118
1968,8,-0.13,-0.21,-0.049
1968,9,-0.226,-0.298,-0.153
1968,10,0.007,-0.063,0.078
1968,11,-0.136,-0.192,-0.081
1968,12,-0.191,-0.244,-0.139
1969,1,-0.161,-0.207,-0.115
1969,2,-0.197,-0.245,-0.15
1969,3,-0.133,-0.183,-0.083
1969,4,0.048,-0.002,0.097
1969,5,0.063,0.005,0.121
1969,6,0.005,-0.064,0.074
1969,7,-0.109,-0.176,-0.042
1969,8,-0.072,-0.146,0.002
1969,9,-0.014,-0.073,0.046
1969,10,-0.001,-0.063,0.062
1969,11,0.02,-0.031,0.072
1969,12,0.166,0.12,0.212
1970,1,0.009,-0.03,0.049
1970,2,0.058,0.012,0.104
1970,3,-0.095,-0.137,-0.053
1970,4,-0.083,-0.13,-0.037
1970,5,-0.146,-0.2,-0.091
1970,6,-0.141,-0.208,-0.075
1970,7,-0.114,-0.191,-0.038
1970,8,-0.203,-0.279,-0.126
1970,9,-0.034,-0.103,0.034
1970,10,-0.063,-0.131,0.004
1970,11,-0.065,-0.115,-0.014
1970,12,-0.196,-0.24,-0.152
1971,1,-0.146,-0.188,-0.104
1971,2,-0.277,-0.322,-0.233
1971,3,-0.341,-0.389,-0.293
1971,4,-0.236,-0.286,-0.185
1971,5,-0.199,-0.268,-0.13
1971,6,-0.261,-0.329,-0.193
1971,7,-0.185,-0.257,-0.114
1971,8,-0.182,-0.261,-0.103
1971,9,-0.126,-0.201,-0.051
1971,10,-0.157,-0.209,-0.104
1971,11,-0.151,-0.201,-0.101
1971,12,-0.229,-0.271,-0.186
1972,1,-0.379,-0.419,-0.338
1972,2,-0.278,-0.319,-0.237
1972,3,-0.142,-0.185,-0.098
1972,4,-0.128,-0.177,-0.079
1972,5,-0.082,-0.148,-0.015
1972,6,-0.032,-0.101,0.036
1972,7,-0.092,-0.168,-0.016
1972,8,0.065,-0.016,0.145
1972,9,-0.051,-0.118,0.017
1972,10,-0.054,-0.109,0.001
1972,11,-0.048,-0.097,0
1972,12,0.112,0.069,0.155
1973,1,0.101,0.057,0.146
1973,2,0.16,0.119,0.2
1973,3,0.115,0.067,0.164
1973,4,0.193,0.142,0.244
1973,5,0.108,0.042,0.174
1973,6,0.105,0.044,0.165
1973,7,0.021,-0.046,0.088
1973,8,-0.023,-0.097,0.051
1973,9,-0.033,-0.107,0.042
1973,10,0.014,-0.045,0.073
1973,11,-0.024,-0.071,0.023
1973,12,-0.128,-0.17,-0.087
1974,1,-0.28,-0.321,-0.24
1974,2,-0.443,-0.487,-0.398
1974,3,-0.236,-0.279,-0.193
1974,4,-0.198,-0.248,-0.149
1974,5,-0.126,-0.188,-0.065
1974,6,-0.113,-0.183,-0.044
1974,7,-0.132,-0.204,-0.059
1974,8,0.027,-0.051,0.106
1974,9,-0.087,-0.163,-0.01
1974,10,-0.107,-0.168,-0.046
1974,11,-0.119,-0.171,-0.067
1974,12,-0.207,-0.246,-0.168
1975,1,-0.091,-0.132,-0.05
1975,2,-0.017,-0.058,0.025
1975,3,-0.006,-0.049,0.038
1975,4,-0.045,-0.091,0.002
1975,5,0.059,-0.002,0.12
1975,6,-0.054,-0.126,0.017
1975,7,-0.099,-0.179,-0.018
1975,8,-0.226,-0.302,-0.151
1975,9,-0.134,-0.205,-0.063
1975,10,-0.146,-0.215,-0.078
1975,11,-0.256,-0.305,-0.207
1975,12,-0.244,-0.288,-0.201
1976,1,-0.163,-0.209,-0.116
1976,2,-0.225,-0.272,-0.177
1976,3,-0.329,-0.378,-0.281
1976,4,-0.177,-0.231,-0.123
1976,5,-0.354,-0.418,-0.29
1976,6,-0.229,-0.301,-0.158
1976,7,-0.167,-0.25,-0.084
1976,8,-0.236,-0.317,-0.155
1976,9,-0.146,-0.219,-0.073
1976,10,-0.328,-0.393,-0.263
1976,11,-0.13,-0.185,-0.075
1976,12,-0.023,-0.075,0.029
1977,1,0.159,0.113,0.204
1977,2,0.11,0.062,0.158
1977,3,0.082,0.03,0.134
1977,4,0.14,0.087,0.192
1977,5,0.23,0.166,0.295
1977,6,0.212,0.145,0.28
1977,7,0.146,0.065,0.226
1977,8,0.135,0.056,0.214
1977,9,0.002,-0.074,0.078
1977,10,-0.013,-0.082,0.056
1977,11,0.124,0.073,0.176
1977,12,-0.036,-0.085,0.013
1978,1,0.039,-0.002,0.081
1978,2,0.077,0.033,0.121
1978,3,0.063,0.017,0.109
1978,4,0.055,0.001,0.11
1978,5,0.017,-0.047,0.08
1978,6,-0.051,-0.122,0.019
1978,7,0.017,-0.056,0.09
1978,8,-0.215,-0.293,-0.137
1978,9,0.04,-0.038,0.117
1978,10,-0.057,-0.126,0.011
1978,11,0.096,0.044,0.148
1978,12,0.014,-0.029,0.057
1979,1,0.052,0.014,0.091
1979,2,-0.178,-0.214,-0.141
1979,3,0.067,0.03,0.104
1979,4,0.078,0.038,0.118
1979,5,-0.022,-0.067,0.023
1979,6,0.05,0.004,0.096
1979,7,0.02,-0.031,0.071
1979,8,0.118,0.054,0.182
1979,9,0.174,0.114,0.235
1979,10,0.147,0.098,0.196
1979,11,0.208,0.166,0.251
1979,12,0.389,0.354,0.424
1980,1,0.254,0.215,0.293
1980,2,0.361,0.324,0.398
1980,3,0.215,0.176,0.254
1980,4,0.234,0.191,0.277
1980,5,0.247,0.201,0.293
1980,6,0.13,0.078,0.182
1980,7,0.207,0.155,0.259
1980,8,0.166,0.107,0.224
1980,9,0.126,0.064,0.189
1980,10,0.095,0.042,0.148
1980,11,0.208,0.16,0.256
1980,12,0.111,0.07,0.152
1981,1,0.446,0.399,0.494
1981,2,0.338,0.302,0.373
1981,3,0.33,0.291,0.369
1981,4,0.198,0.155,0.241
1981,5,0.147,0.101,0.192
1981,6,0.245,0.19,0.299
1981,7,0.27,0.206,0.334
1981,8,0.311,0.248,0.373
1981,9,0.141,0.082,0.2
1981,10,0.056,0.004,0.107
1981,11,0.162,0.118,0.207
1981,12,0.366,0.321,0.411
1982,1,-0.028,-0.079,0.023
1982,2,0.066,0.021,0.112
1982,3,-0.137,-0.185,-0.088
1982,4,0.024,-0.026,0.074
1982,5,0.09,0.031,0.149
1982,6,-0.001,-0.066,0.064
1982,7,0.076,0.006,0.147
1982,8,-0.045,-0.119,0.029
1982,9,0.015,-0.054,0.084
1982,10,0.042,-0.019,0.104
1982,11,0.03,-0.02,0.079
1982,12,0.28,0.232,0.327
1983,1,0.358,0.315,0.401
1983,2,0.336,0.288,0.383
1983,3,0.249,0.205,0.293
1983,4,0.176,0.126,0.226
1983,5,0.223,0.165,0.28
1983,6,0.167,0.106,0.228
1983,7,0.114,0.052,0.177
1983,8,0.284,0.216,0.351
1983,9,0.327,0.268,0.386
1983,10,0.115,0.06,0.171
1983,11,0.245,0.194,0.297
1983,12,0.096,0.049,0.142
1984,1,0.156,0.112,0.201
1984,2,0.022,-0.023,0.066
1984,3,0.149,0.101,0.197
1984,4,0.013,-0.033,0.058
1984,5,0.216,0.164,0.269
1984,6,-0.035,-0.096,0.026
1984,7,0.026,-0.036,0.088
1984,8,0.095,0.03,0.16
1984,9,0.127,0.067,0.187
1984,10,0.041,-0.013,0.095
1984,11,-0.056,-0.102,-0.011
1984,12,-0.158,-0.203,-0.113
1985,1,0.119,0.074,0.165
1985,2,-0.098,-0.144,-0.053
1985,3,0.044,-0.003,0.091
1985,4,0.005,-0.043,0.052
1985,5,0.068,0.019,0.117
1985,6,0.123,0.073,0.174
1985,7,-0.021,-0.075,0.033
1985,8,0.144,0.083,0.205
1985,9,0.12,0.064,0.176
1985,10,0.04,-0.011,0.091
1985,11,0.019,-0.029,0.066
1985,12,0.057,0.016,0.098
1986,1,0.12,0.074,0.165
1986,2,0.309,0.267,0.351
1986,3,0.137,0.094,0.181
1986,4,0.133,0.093,0.173
1986,5,0.143,0.1,0.187
1986,6,0.043,-0.007,0.093
1986,7,0.044,-0.014,0.101
1986,8,0.093,0.034,0.152
1986,9,0.027,-0.028,0.081
1986,10,0.055,0.006,0.104
1986,11,0.042,-0.001,0.085
1986,12,0.031,-0.014,0.076
1987,1,0.22,0.178,0.262
1987,2,0.32,0.278,0.362
1987,3,0.105,0.064,0.147
1987,4,0.191,0.146,0.236
1987,5,0.167,0.119,0.214
1987,6,0.267,0.215,0.318
1987,7,0.349,0.301,0.398
1987,8,0.214,0.158,0.27
1987,9,0.265,0.214,0.316
1987,10,0.273,0.225,0.322
1987,11,0.189,0.146,0.233
1987,12,0.373,0.335,0.411
1988,1,0.461,0.419,0.502
1988,2,0.334,0.291,0.378
1988,3,0.388,0.345,0.431
1988,4,0.329,0.282,0.375
1988,5,0.32,0.267,0.373
1988,6,0.336,0.281,0.391
1988,7,0.259,0.203,0.314
1988,8,0.261,0.197,0.325
1988,9,0.259,0.198,0.321
1988,10,0.258,0.206,0.311
1988,11,0.031,-0.02,0.081
1988,12,0.178,0.132,0.224
1989,1,-0.023,-0.069,0.023
1989,2,0.241,0.2,0.283
1989,3,0.189,0.145,0.232
1989,4,0.152,0.103,0.201
1989,5,0.041,-0.012,0.094
1989,6,0.1,0.045,0.155
1989,7,0.266,0.205,0.327
1989,8,0.258,0.191,0.325
1989,9,0.3,0.233,0.367
1989,10,0.262,0.205,0.319
1989,11,0.116,0.063,0.169
1989,12,0.286,0.237,0.334
1990,1,0.288,0.239,0.337
1990,2,0.282,0.235,0.329
1990,3,0.637,0.59,0.684
1990,4,0.497,0.45,0.544
1990,5,0.408,0.359,0.457
1990,6,0.318,0.266,0.37
1990,7,0.382,0.322,0.442
1990,8,0.282,0.215,0.349
1990,9,0.221,0.163,0.279
1990,10,0.388,0.329,0.446
1990,11,0.36,0.309,0.411
1990,12,0.291,0.248,0.334
1991,1,0.306,0.259,0.352
1991,2,0.409,0.361,0.458
1991,3,0.25,0.203,0.297
1991,4,0.442,0.388,0.495
1991,5,0.316,0.267,0.366
1991,6,0.437,0.384,0.49
1991,7,0.472,0.415,0.529
1991,8,0.37,0.305,0.435
1991,9,0.355,0.295,0.416
1991,10,0.254,0.198,0.31
1991,11,0.258,0.209,0.307
1991,12,0.242,0.195,0.289
1992,1,0.367,0.325,0.408
1992,2,0.353,0.308,0.397
1992,3,0.315,0.27,0.36
1992,4,0.165,0.118,0.212
1992,5,0.173,0.121,0.224
1992,6,0.161,0.102,0.219
1992,7,0.012,-0.052,0.076
1992,8,0.044,-0.035,0.123
1992,9,-0.087,-0.159,-0.016
1992,10,-0.02,-0.074,0.034
1992,11,-0.031,-0.082,0.019
1992,12,0.099,0.055,0.143
1993,1,0.267,0.224,0.31
1993,2,0.284,0.237,0.331
1993,3,0.243,0.193,0.294
1993,4,0.201,0.149,0.253
1993,5,0.201,0.136,0.265
1993,6,0.17,0.104,0.235
1993,7,0.165,0.098,0.233
1993,8,0.088,0.014,0.162
1993,9,0.05,-0.025,0.124
1993,10,0.157,0.095,0.219
1993,11,0.069,0.015,0.124
1993,12,0.152,0.1,0.203
1994,1,0.202,0.154,0.251
1994,2,0.013,-0.039,0.065
1994,3,0.244,0.197,0.29
1994,4,0.256,0.201,0.311
1994,5,0.208,0.148,0.268
1994,6,0.321,0.258,0.384
1994,7,0.187,0.122,0.252
1994,8,0.177,0.109,0.245
1994,9,0.274,0.215,0.333
1994,10,0.351,0.302,0.399
1994,11,0.358,0.311,0.405
1994,12,0.251,0.206,0.296
1995,1,0.42,0.376,0.465
1995,2,0.643,0.597,0.689
1995,3,0.361,0.316,0.405
1995,4,0.425,0.378,0.473
1995,5,0.267,0.217,0.318
1995,6,0.384,0.329,0.438
1995,7,0.447,0.389,0.505
1995,8,0.396,0.333,0.459
1995,9,0.284,0.224,0.344
1995,10,0.385,0.337,0.434
1995,11,0.376,0.328,0.425
1995,12,0.175,0.131,0.22
1996,1,0.22,0.176,0.264
1996,2,0.465,0.424,0.506
1996,3,0.291,0.247,0.334
1996,4,0.255,0.208,0.301
1996,5,0.242,0.19,0.295
1996,6,0.223,0.169,0.277
1996,7,0.333,0.277,0.389
1996,8,0.361,0.292,0.429
1996,9,0.21,0.144,0.275
1996,10,0.131,0.077,0.186
1996,11,0.318,0.267,0.369
1996,12,0.324,0.28,0.369
1997,1,0.252,0.204,0.299
1997,2,0.3,0.256,0.345
1997,3,0.399,0.353,0.444
1997,4,0.379,0.332,0.427
1997,5,0.321,0.268,0.373
1997,6,0.496,0.442,0.55
1997,7,0.352,0.294,0.411
1997,8,0.413,0.351,0.475
1997,9,0.472,0.415,0.528
1997,10,0.576,0.529,0.622
1997,11,0.617,0.572,0.662
1997,12,0.526,0.484,0.569
1998,1,0.568,0.525,0.611
1998,2,0.804,0.76,0.849
1998,3,0.593,0.548,0.638
1998,4,0.655,0.608,0.701
1998,5,0.642,0.592,0.692
1998,6,0.673,0.617,0.728
1998,7,0.665,0.605,0.726
1998,8,0.656,0.59,0.722
1998,9,0.439,0.378,0.499
1998,10,0.419,0.361,0.476
1998,11,0.384,0.335,0.434
1998,12,0.489,0.448,0.529
1999,1,0.392,0.347,0.437
1999,2,0.608,0.559,0.656
1999,3,0.262,0.219,0.306
1999,4,0.275,0.227,0.323
1999,5,0.25,0.2,0.3
1999,6,0.33,0.27,0.389
1999,7,0.316,0.257,0.375
1999,8,0.308,0.24,0.375
1999,9,0.28,0.217,0.342
1999,10,0.311,0.258,0.365
1999,11,0.288,0.239,0.337
1999,12,0.318,0.277,0.358
2000,1,0.183,0.141,0.226
2000,2,0.502,0.456,0.547
2000,3,0.45,0.405,0.494
2000,4,0.54,0.49,0.589
2000,5,0.309,0.258,0.36
2000,6,0.354,0.301,0.407
2000,7,0.335,0.274,0.397
2000,8,0.383,0.319,0.448
2000,9,0.317,0.246,0.387
2000,10,0.199,0.142,0.256
2000,11,0.25,0.199,0.301
2000,12,0.206,0.162,0.249
2001,1,0.369,0.323,0.415
2001,2,0.395,0.353,0.437
2001,3,0.524,0.476,0.571
2001,4,0.455,0.406,0.504
2001,5,0.494,0.436,0.553
2001,6,0.452,0.398,0.505
2001,7,0.517,0.456,0.578
2001,8,0.508,0.441,0.576
2001,9,0.498,0.432,0.563
2001,10,0.47,0.416,0.525
2001,11,0.695,0.644,0.745
2001,12,0.544,0.497,0.59
2002,1,0.65,0.607,0.694
2002,2,0.645,0.601,0.689
2002,3,0.798,0.756,0.84
2002,4,0.568,0.526,0.61
2002,5,0.507,0.454,0.561
2002,6,0.453,0.402,0.503
2002,7,0.576,0.52,0.633
2002,8,0.505,0.436,0.573
2002,9,0.507,0.446,0.568
2002,10,0.505,0.456,0.554
2002,11,0.496,0.45,0.543
2002,12,0.35,0.31,0.389
2003,1,0.66,0.617,0.704
2003,2,0.493,0.452,0.535
2003,3,0.487,0.442,0.532
2003,4,0.477,0.431,0.523
2003,5,0.526,0.479,0.572
2003,6,0.429,0.382,0.477
2003,7,0.491,0.438,0.545
2003,8,0.62,0.558,0.682
2003,9,0.578,0.515,0.641
2003,10,0.661,0.606,0.716
2003,11,0.499,0.454,0.543
2003,12,0.659,0.616,0.702
2004,1,0.511,0.471,0.551
2004,2,0.639,0.598,0.681
2004,3,0.531,0.487,0.576
2004,4,0.527,0.483,0.572
2004,5,0.357,0.307,0.408
2004,6,0.318,0.266,0.37
2004,7,0.247,0.192,0.302
2004,8,0.468,0.402,0.534
2004,9,0.469,0.406,0.532
2004,10,0.526,0.477,0.576
2004,11,0.654,0.613,0.696
2004,12,0.418,0.378,0.458
2005,1,0.652,0.61,0.695
2005,2,0.537,0.493,0.581
2005,3,0.649,0.606,0.693
2005,4,0.634,0.59,0.678
2005,5,0.558,0.51,0.606
2005,6,0.575,0.526,0.625
2005,7,0.563,0.507,0.619
2005,8,0.592,0.532,0.651
2005,9,0.639,0.58,0.698
2005,10,0.689,0.637,0.74
2005,11,0.645,0.602,0.688
2005,12,0.603,0.564,0.643
2006,1,0.506,0.464,0.548
2006,2,0.647,0.607,0.686
2006,3,0.543,0.5,0.587
2006,4,0.488,0.447,0.529
2006,5,0.476,0.432,0.52
2006,6,0.58,0.527,0.634
2006,7,0.486,0.432,0.539
2006,8,0.64,0.582,0.699
2006,9,0.554,0.493,0.614
2006,10,0.619,0.57,0.667
2006,11,0.665,0.624,0.706
2006,12,0.718,0.677,0.76
2007,1,0.9,0.86,0.94
2007,2,0.641,0.599,0.683
2007,3,0.595,0.553,0.637
2007,4,0.73,0.689,0.771
2007,5,0.583,0.536,0.629
2007,6,0.506,0.461,0.551
2007,7,0.57,0.519,0.621
2007,8,0.588,0.533,0.644
2007,9,0.515,0.456,0.574
2007,10,0.563,0.51,0.615
2007,11,0.538,0.497,0.58
2007,12,0.421,0.379,0.462
2008,1,0.215,0.177,0.254
2008,2,0.272,0.229,0.315
2008,3,0.616,0.571,0.66
2008,4,0.453,0.41,0.496
2008,5,0.438,0.394,0.482
2008,6,0.388,0.334,0.441
2008,7,0.542,0.484,0.599
2008,8,0.461,0.394,0.529
2008,9,0.554,0.49,0.618
2008,10,0.599,0.552,0.646
2008,11,0.628,0.584,0.672
2008,12,0.471,0.43,0.513
2009,1,0.592,0.552,0.632
2009,2,0.47,0.432,0.509
2009,3,0.449,0.408,0.491
2009,4,0.531,0.489,0.573
2009,5,0.557,0.512,0.601
2009,6,0.631,0.58,0.681
2009,7,0.687,0.632,0.742
2009,8,0.628,0.57,0.687
2009,9,0.686,0.631,0.74
2009,10,0.627,0.577,0.676
2009,11,0.704,0.658,0.749
2009,12,0.641,0.596,0.686
2010,1,0.717,0.679,0.756
2010,2,0.791,0.749,0.833
2010,3,0.865,0.824,0.906
2010,4,0.834,0.791,0.877
2010,5,0.719,0.673,0.764
2010,6,0.653,0.606,0.7
2010,7,0.622,0.567,0.677
2010,8,0.619,0.558,0.679
2010,9,0.569,0.516,0.623
2010,10,0.648,0.602,0.694
2010,11,0.738,0.693,0.783
2010,12,0.439,0.4,0.478
2011,1,0.463,0.421,0.504
2011,2,0.434,0.396,0.472
2011,3,0.559,0.516,0.603
2011,4,0.601,0.557,0.644
2011,5,0.448,0.407,0.488
2011,6,0.551,0.504,0.598
2011,7,0.65,0.596,0.704
2011,8,0.661,0.605,0.716
2011,9,0.545,0.494,0.596
2011,10,0.584,0.537,0.63
2011,11,0.517,0.472,0.561
2011,12,0.499,0.455,0.542
2012,1,0.376,0.335,0.417
2012,2,0.468,0.42,0.515
2012,3,0.428,0.387,0.47
2012,4,0.615,0.572,0.659
2012,5,0.662,0.614,0.709
2012,6,0.636,0.585,0.687
2012,7,0.577,0.524,0.63
2012,8,0.654,0.584,0.725
2012,9,0.644,0.583,0.706
2012,10,0.733,0.681,0.786
2012,11,0.725,0.68,0.77
2012,12,0.465,0.424,0.506
2013,1,0.613,0.57,0.657
2013,2,0.531,0.487,0.574
2013,3,0.588,0.545,0.631
2013,4,0.577,0.527,0.628
2013,5,0.562,0.507,0.617
2013,6,0.667,0.612,0.723
2013,7,0.596,0.536,0.655
2013,8,0.646,0.58,0.712
2013,9,0.728,0.67,0.786
2013,10,0.657,0.604,0.711
2013,11,0.775,0.727,0.823
2013,12,0.609,0.564,0.655
2014,1,0.676,0.628,0.724
2014,2,0.495,0.452,0.538
2014,3,0.694,0.649,0.739
2014,4,0.742,0.696,0.789
2014,5,0.739,0.694,0.784
2014,6,0.623,0.569,0.678
2014,7,0.591,0.536,0.646
2014,8,0.738,0.678,0.798
2014,9,0.77,0.716,0.824
2014,10,0.747,0.693,0.801
2014,11,0.638,0.594,0.683
2014,12,0.687,0.65,0.723
2015,1,0.743,0.7,0.786
2015,2,0.786,0.743,0.828
2015,3,0.801,0.753,0.849
2015,4,0.697,0.647,0.746
2015,5,0.737,0.69,0.783
2015,6,0.761,0.708,0.814
2015,7,0.719,0.666,0.773
2015,8,0.81,0.746,0.873
2015,9,0.828,0.772,0.884
2015,10,1.024,0.972,1.075
2015,11,0.996,0.952,1.041
2015,12,1.044,0.999,1.09
2016,1,1.091,1.051,1.131
2016,2,1.228,1.186,1.269
2016,3,1.19,1.148,1.231
2016,4,1.036,0.994,1.077
2016,5,0.884,0.838,0.93
2016,6,0.78,0.732,0.828
2016,7,0.772,0.72,0.824
2016,8,0.95,0.896,1.004
2016,9,0.847,0.794,0.899
2016,10,0.821,0.77,0.873
2016,11,0.85,0.808,0.893
2016,12,0.781,0.74,0.823
2017,1,0.958,0.917,0.999
2017,2,1.076,1.039,1.114
2017,3,1.06,1.019,1.1
2017,4,0.85,0.806,0.893
2017,5,0.787,0.743,0.832
2017,6,0.661,0.613,0.71
2017,7,0.805,0.75,0.859
2017,8,0.812,0.75,0.875
2017,9,0.732,0.681,0.784
2017,10,0.814,0.765,0.863
2017,11,0.805,0.761,0.849
2017,12,0.816,0.776,0.855
2018,1,0.72,0.683,0.756
2018,2,0.789,0.747,0.83
2018,3,0.788,0.747,0.829
2018,4,0.824,0.778,0.87
2018,5,0.711,0.666,0.756
2018,6,0.738,0.688,0.788
2018,7,0.737,0.679,0.795
2018,8,0.744,0.683,0.806
2018,9,0.686,0.633,0.74
2018,10,0.868,0.818,0.918
2018,11,0.743,0.7,0.786
2018,12,0.825,0.785,0.865
2019,1,0.825,0.782,0.868
2019,2,0.848,0.802,0.893
2019,3,1.091,1.046,1.136
2019,4,0.939,0.895,0.983
2019,5,0.79,0.743,0.837
2019,6,0.82,0.764,0.875
2019,7,0.863,0.806,0.921
2019,8,0.847,0.785,0.908
2019,9,0.823,0.764,0.882
2019,10,0.964,0.913,1.014
2019,11,0.943,0.899,0.988
2019,12,1.035,0.99,1.079
2020,1,1.073,1.028,1.117
2020,2,1.12,1.079,1.161
2020,3,1.085,1.036,1.134
2020,4,1.06,1.013,1.107
2020,5,0.908,0.856,0.96
2020,6,0.822,0.756,0.888
2020,7,0.834,0.774,0.894
2020,8,0.82,0.761,0.88
2020,9,0.876,0.817,0.935
2020,10,0.809,0.758,0.859
2020,11,1.018,0.968,1.068
2020,12,0.702,0.653,0.75
2021,1,0.718,0.67,0.766
2021,2,0.577,0.534,0.62
2021,3,0.748,0.699,0.797
2021,4,0.767,0.722,0.813
2021,5,0.711,0.663,0.759
2021,6,0.728,0.675,0.781
2021,7,0.802,0.739,0.866
2021,8,0.819,0.756,0.882
2021,9,0.884,0.829,0.939
2021,10,0.937,0.886,0.988
2021,11,0.875,0.823,0.926
2021,12,0.767,0.721,0.813
2022,1,0.793,0.746,0.839
2022,2,0.766,0.717,0.815
2022,3,0.899,0.855,0.942
2022,4,0.78,0.726,0.834
2022,5,0.762,0.71,0.814
2022,6,0.858,0.801,0.914
2022,7,0.789,0.729,0.849
2022,8,0.884,0.821,0.948
2022,9,0.824,0.762,0.887
2022,10,0.959,0.9,1.018
2022,11,0.679,0.629,0.729
2022,12,0.751,0.704,0.798
2023,1,0.795,0.747,0.842
2023,2,0.896,0.847,0.945
2023,3,1.139,1.093,1.186
2023,4,0.931,0.884,0.978
2023,5,0.888,0.836,0.941
2023,6,1.07,1.015,1.126
2023,7,1.172,1.109,1.234
2023,8,1.222,1.155,1.289
2023,9,1.36,1.298,1.422
2023,10,1.335,1.275,1.395
2023,11,1.353,1.292,1.414
2023,12,1.272,1.219,1.326
2024,1,1.163,1.11,1.217
2024,2,1.302,1.252,1.352
2024,3,1.246,1.191,1.302
2024,4,1.227,1.177,1.278
2024,5,1.074,1.018,1.13
2024,6,1.107,1.049,1.165
2024,7,1.15,1.089,1.211
2024,8,1.231,1.167,1.295
2024,9,1.165,1.101,1.229
2024,10,1.222,1.162,1.282
2024,11,1.23,1.172,1.288
2024,12,1.131,1.074,1.188
2025,1,1.267,1.217,1.318
2025,2,1.129,1.074,1.184
2025,3,1.204,1.149,1.259
2025,4,1.115,1.06,1.17
2025,5,0.969,0.914,1.023
2025,6,0.896,0.83,0.961
2025,7,0.958,0.901,1.015
2025,8,1.029,0.966,1.093
2025,9,1.125,1.064,1.187
2025,10,1.108,1.053,1.163
2025,11,1.106,1.042,1.171
2025,12,0.973,0.918,1.027
2026,1,1.028,0.975,1.08
2026,2,1.09,1.04,1.141
2026,3,1.128,1.072,1.185
2026,4,1.083,1.029,1.137
2026,5,1.032,0.979,1.085
2026,6,1.083,1.026,1.14
2026,7,1.109,1.052,1.166
2026,8,1.298,1.233,1.363
