year,month,oni,nino34_sst
1950,1,-1.32,25.01
1950,2,-1.2,25.36
1950,3,-1.12,25.88
1950,4,-1.08,26.24
1950,5,-1.1,26.35
1950,6,-0.9,26.32
1950,7,-0.62,26.24
1950,8,-0.57,25.94
1950,9,-0.56,25.76
1950,10,-0.62,25.6
1950,11,-0.66,25.55
1950,12,-0.79,25.41
1951,1,-0.66,25.67
1951,2,-0.36,26.2
1951,3,-0.04,26.96
1951,4,0.16,27.48
1951,5,0.27,27.72
1951,6,0.5,27.72
1951,7,0.71,27.57
1951,8,0.9,27.41
1951,9,1.02,27.34
1951,10,1.03,27.25
1951,11,0.96,27.18
1951,12,0.71,26.91
1952,1,0.52,26.86
1952,2,0.27,26.82
1952,3,0.33,27.33
1952,4,0.18,27.5
1952,5,-0.07,27.38
1952,6,-0.44,26.78
1952,7,-0.45,26.41
1952,8,-0.2,26.31
1952,9,0.03,26.35
1952,10,0.04,26.26
1952,11,-0.11,26.11
1952,12,0.06,26.25
1953,1,0.25,26.58
1953,2,0.5,27.06
1953,3,0.48,27.48
1953,4,0.56,27.88
1953,5,0.77,28.22
1953,6,0.74,27.96
1953,7,0.63,27.49
1953,8,0.68,27.19
1953,9,0.59,26.91
1953,10,0.78,27
1953,11,0.52,26.74
1953,12,0.56,26.76
1954,1,0.41,26.74
1954,2,0.35,26.91
1954,3,0.01,27.01
1954,4,-0.27,27.04
1954,5,-0.48,26.97
1954,6,-0.48,26.74
1954,7,-0.67,26.18
1954,8,-0.83,25.68
1954,9,-0.73,25.58
1954,10,-0.52,25.7
1954,11,-0.4,25.82
1954,12,-0.44,25.76
1955,1,-0.5,25.83
1955,2,-0.48,26.08
1955,3,-0.58,26.42
1955,4,-0.76,26.56
1955,5,-0.78,26.67
1955,6,-0.88,26.34
1955,7,-0.72,26.13
1955,8,-0.92,25.59
1955,9,-1.11,25.21
1955,10,-1.44,24.78
1955,11,-1.59,24.63
1955,12,-1.51,24.73
1956,1,-1.17,25.2
1956,2,-0.81,25.82
1956,3,-0.57,26.47
1956,4,-0.51,26.84
1956,5,-0.49,27
1956,6,-0.47,26.81
1956,7,-0.55,26.37
1956,8,-0.52,26.02
1956,9,-0.43,25.9
1956,10,-0.39,25.85
1956,11,-0.37,25.87
1956,12,-0.39,25.87
1957,1,-0.27,26.11
1957,2,-0.06,26.57
1957,3,0.26,27.3
1957,4,0.63,27.99
1957,5,0.72,28.21
1957,6,0.82,28.09
1957,7,0.96,27.88
1957,8,1.03,27.57
1957,9,1.12,27.45
1957,10,1.15,27.38
1957,11,1.39,27.63
1957,12,1.62,27.87
1958,1,1.69,28.07
1958,2,1.59,28.21
1958,3,1.17,28.21
1958,4,0.84,28.2
1958,5,0.57,28.06
1958,6,0.49,27.77
1958,7,0.43,27.36
1958,8,0.32,26.86
1958,9,0.28,26.61
1958,10,0.3,26.53
1958,11,0.36,26.6
1958,12,0.56,26.82
1959,1,0.6,26.99
1959,2,0.64,27.27
1959,3,0.48,27.51
1959,4,0.39,27.75
1959,5,0.24,27.73
1959,6,0.02,27.29
1959,7,-0.19,26.74
1959,8,-0.23,26.31
1959,9,-0.04,26.29
1959,10,0.11,26.34
1959,11,0.23,26.47
1959,12,0.14,26.4
1960,1,0.02,26.4
1960,2,0.03,26.65
1960,3,0.06,27.1
1960,4,0.17,27.52
1960,5,0.04,27.53
1960,6,0,27.27
1960,7,0.01,26.93
1960,8,0.15,26.69
1960,9,0.19,26.52
1960,10,0.08,26.32
1960,11,-0.07,26.17
1960,12,-0.07,26.16
1961,1,0,26.34
1961,2,0.03,26.6
1961,3,0.01,26.98
1961,4,0.05,27.33
1961,5,0.22,27.62
1961,6,0.22,27.41
1961,7,0.08,26.94
1961,8,-0.2,26.32
1961,9,-0.32,26.01
1961,10,-0.22,26.02
1961,11,-0.11,26.09
1961,12,-0.05,26.14
1962,1,-0.16,26.16
1962,2,-0.17,26.4
1962,3,-0.15,26.83
1962,4,-0.2,27.09
1962,5,-0.19,27.21
1962,6,-0.13,27.06
1962,7,0,26.85
1962,8,-0.1,26.42
1962,9,-0.16,26.17
1962,10,-0.25,25.98
1962,11,-0.25,25.95
1962,12,-0.32,25.87
1963,1,-0.33,25.98
1963,2,-0.17,26.4
1963,3,0.01,26.99
1963,4,0.13,27.41
1963,5,0.12,27.52
1963,6,0.45,27.64
1963,7,0.76,27.61
1963,8,1.09,27.61
1963,9,1.09,27.42
1963,10,1.13,27.37
1963,11,1.19,27.39
1963,12,1.13,27.33
1964,1,0.95,27.26
1964,2,0.52,27.09
1964,3,0.06,27.04
1964,4,-0.35,26.93
1964,5,-0.6,26.8
1964,6,-0.66,26.53
1964,7,-0.67,26.19
1964,8,-0.7,25.82
1964,9,-0.72,25.6
1964,10,-0.8,25.44
1964,11,-0.79,25.41
1964,12,-0.75,25.45
1965,1,-0.51,25.8
1965,2,-0.25,26.32
1965,3,-0.04,26.93
1965,4,0.16,27.45
1965,5,0.47,27.86
1965,6,0.79,27.98
1965,7,1.1,27.95
1965,8,1.27,27.79
1965,9,1.55,27.87
1965,10,1.7,27.93
1965,11,1.82,28.02
1965,12,1.6,27.83
1966,1,1.24,27.61
1966,2,0.95,27.6
1966,3,0.76,27.79
1966,4,0.43,27.77
1966,5,0.24,27.68
1966,6,0.18,27.44
1966,7,0.25,27.18
1966,8,0.13,26.73
1966,9,-0.09,26.34
1966,10,-0.12,26.27
1966,11,-0.23,26.17
1966,12,-0.35,26.02
1967,1,-0.46,25.97
1967,2,-0.48,26.18
1967,3,-0.5,26.53
1967,4,-0.37,26.97
1967,5,-0.15,27.3
1967,6,0.05,27.31
1967,7,-0.02,26.92
1967,8,-0.26,26.33
1967,9,-0.4,26.03
1967,10,-0.4,25.99
1967,11,-0.36,26.03
1967,12,-0.42,25.95
1968,1,-0.62,25.81
1968,2,-0.73,25.92
1968,3,-0.63,26.41
1968,4,-0.48,26.85
1968,5,-0.1,27.35
1968,6,0.17,27.43
1968,7,0.44,27.37
1968,8,0.38,26.97
1968,9,0.34,26.78
1968,10,0.5,26.9
1968,11,0.66,27.06
1968,12,0.93,27.3
1969,1,0.98,27.42
1969,2,0.98,27.63
1969,3,0.77,27.8
1969,4,0.69,28.02
1969,5,0.62,28.06
1969,6,0.48,27.74
1969,7,0.37,27.3
1969,8,0.41,27
1969,9,0.61,27.04
1969,10,0.71,27.11
1969,11,0.81,27.21
1969,12,0.71,27.08
1970,1,0.46,26.89
1970,2,0.23,26.89
1970,3,0.23,27.27
1970,4,0.28,27.61
1970,5,0.11,27.56
1970,6,-0.26,27
1970,7,-0.55,26.38
1970,8,-0.72,25.88
1970,9,-0.69,25.74
1970,10,-0.72,25.67
1970,11,-0.78,25.61
1970,12,-1.1,25.29
1971,1,-1.29,25.17
1971,2,-1.36,25.34
1971,3,-1.08,25.97
1971,4,-0.81,26.55
1971,5,-0.72,26.76
1971,6,-0.69,26.62
1971,7,-0.68,26.3
1971,8,-0.6,26.05
1971,9,-0.68,25.81
1971,10,-0.78,25.68
1971,11,-0.86,25.59
1971,12,-0.78,25.65
1972,1,-0.57,25.92
1972,2,-0.27,26.42
1972,3,0.04,27.09
1972,4,0.25,27.61
1972,5,0.48,27.96
1972,6,0.7,28
1972,7,1,27.98
1972,8,1.26,27.91
1972,9,1.49,27.98
1972,10,1.69,28.14
1972,11,1.84,28.3
1972,12,1.77,28.2
1973,1,1.55,28.03
1973,2,1.13,27.82
1973,3,0.56,27.61
1973,4,-0.03,27.33
1973,5,-0.51,26.97
1973,6,-0.8,26.51
1973,7,-0.99,25.99
1973,8,-1.11,25.54
1973,9,-1.26,25.23
1973,10,-1.58,24.87
1973,11,-1.89,24.57
1973,12,-2.04,24.39
1974,1,-1.87,24.61
1974,2,-1.59,25.1
1974,3,-1.24,25.82
1974,4,-0.99,26.37
1974,5,-0.71,26.77
1974,6,-0.64,26.67
1974,7,-0.46,26.52
1974,8,-0.4,26.25
1974,9,-0.47,26.02
1974,10,-0.69,25.76
1974,11,-0.88,25.57
1974,12,-0.71,25.72
1975,1,-0.56,25.92
1975,2,-0.55,26.15
1975,3,-0.61,26.44
1975,4,-0.66,26.7
1975,5,-0.8,26.68
1975,6,-0.92,26.39
1975,7,-1.08,25.9
1975,8,-1.12,25.54
1975,9,-1.29,25.2
1975,10,-1.32,25.14
1975,11,-1.47,24.98
1975,12,-1.58,24.84
1976,1,-1.49,24.98
1976,2,-1.11,25.55
1976,3,-0.65,26.37
1976,4,-0.45,26.87
1976,5,-0.23,27.21
1976,6,0,27.28
1976,7,0.23,27.21
1976,8,0.4,27.09
1976,9,0.6,27.13
1976,10,0.79,27.28
1976,11,0.81,27.28
1976,12,0.84,27.28
1977,1,0.71,27.19
1977,2,0.66,27.33
1977,3,0.33,27.35
1977,4,0.26,27.58
1977,5,0.26,27.7
1977,6,0.46,27.75
1977,7,0.39,27.37
1977,8,0.35,27.04
1977,9,0.45,26.97
1977,10,0.68,27.17
1977,11,0.84,27.31
1977,12,0.82,27.25
1978,1,0.71,27.18
1978,2,0.52,27.19
1978,3,0.17,27.19
1978,4,-0.06,27.26
1978,5,-0.28,27.17
1978,6,-0.24,27.05
1978,7,-0.37,26.61
1978,8,-0.37,26.32
1978,9,-0.44,26.08
1978,10,-0.27,26.22
1978,11,-0.07,26.4
1978,12,0.11,26.54
1979,1,0.19,26.67
1979,2,0.21,26.88
1979,3,0.29,27.31
1979,4,0.32,27.64
1979,5,0.29,27.73
1979,6,0.14,27.43
1979,7,0.09,27.07
1979,8,0.22,26.91
1979,9,0.34,26.86
1979,10,0.47,26.96
1979,11,0.5,26.97
1979,12,0.64,27.07
1980,1,0.62,27.09
1980,2,0.47,27.14
1980,3,0.35,27.37
1980,4,0.34,27.67
1980,5,0.45,27.9
1980,6,0.4,27.68
1980,7,0.18,27.16
1980,8,-0.06,26.62
1980,9,-0.17,26.36
1980,10,-0.07,26.42
1980,11,0.08,26.55
1980,12,-0.05,26.44
1981,1,-0.27,26.31
1981,2,-0.42,26.4
1981,3,-0.41,26.76
1981,4,-0.27,27.21
1981,5,-0.28,27.3
1981,6,-0.27,27.12
1981,7,-0.28,26.77
1981,8,-0.23,26.51
1981,9,-0.08,26.49
1981,10,-0.16,26.38
1981,11,-0.19,26.34
1981,12,-0.14,26.4
1982,1,-0.05,26.55
1982,2,0.02,26.83
1982,3,0.07,27.23
1982,4,0.34,27.82
1982,5,0.65,28.23
1982,6,0.73,28.12
1982,7,0.78,27.82
1982,8,0.99,27.72
1982,9,1.45,28.02
1982,10,1.82,28.36
1982,11,2.03,28.56
1982,12,2.12,28.66
1983,1,2.14,28.74
1983,2,1.91,28.73
1983,3,1.52,28.69
1983,4,1.23,28.7
1983,5,0.95,28.53
1983,6,0.62,28.01
1983,7,0.25,27.29
1983,8,-0.06,26.67
1983,9,-0.43,26.14
1983,10,-0.76,25.78
1983,11,-0.96,25.56
1983,12,-0.89,25.65
1984,1,-0.63,25.97
1984,2,-0.51,26.3
1984,3,-0.38,26.78
1984,4,-0.47,27
1984,5,-0.55,27.04
1984,6,-0.52,26.87
1984,7,-0.39,26.65
1984,8,-0.22,26.51
1984,9,-0.32,26.25
1984,10,-0.62,25.92
1984,11,-0.95,25.57
1984,12,-1.06,25.48
1985,1,-1.01,25.59
1985,2,-0.86,25.95
1985,3,-0.85,26.31
1985,4,-0.8,26.67
1985,5,-0.79,26.8
1985,6,-0.6,26.79
1985,7,-0.44,26.6
1985,8,-0.33,26.41
1985,9,-0.31,26.26
1985,10,-0.3,26.24
1985,11,-0.28,26.25
1985,12,-0.36,26.15
1986,1,-0.4,26.15
1986,2,-0.38,26.38
1986,3,-0.25,26.89
1986,4,-0.17,27.31
1986,5,-0.09,27.5
1986,6,0.02,27.42
1986,7,0.24,27.29
1986,8,0.46,27.22
1986,9,0.64,27.24
1986,10,0.86,27.42
1986,11,1.06,27.57
1986,12,1.21,27.69
1987,1,1.18,27.72
1987,2,1.13,27.89
1987,3,1.02,28.16
1987,4,0.94,28.42
1987,5,0.95,28.53
1987,6,1.11,28.51
1987,7,1.3,28.35
1987,8,1.46,28.23
1987,9,1.49,28.1
1987,10,1.41,27.97
1987,11,1.2,27.72
1987,12,1,27.49
1988,1,0.63,27.17
1988,2,0.37,27.13
1988,3,-0.03,27.11
1988,4,-0.45,27.03
1988,5,-0.99,26.6
1988,6,-1.3,26.09
1988,7,-1.3,25.75
1988,8,-1.14,25.63
1988,9,-1.27,25.34
1988,10,-1.54,25.01
1988,11,-1.81,24.7
1988,12,-1.85,24.64
1989,1,-1.64,24.91
1989,2,-1.38,25.39
1989,3,-1.09,26.05
1989,4,-0.85,26.63
1989,5,-0.61,26.98
1989,6,-0.4,27
1989,7,-0.37,26.68
1989,8,-0.36,26.41
1989,9,-0.33,26.28
1989,10,-0.25,26.31
1989,11,-0.12,26.39
1989,12,-0.04,26.45
1990,1,0.18,26.73
1990,2,0.19,26.95
1990,3,0.3,27.44
1990,4,0.27,27.75
1990,5,0.25,27.84
1990,6,0.25,27.65
1990,7,0.26,27.31
1990,8,0.32,27.08
1990,9,0.31,26.92
1990,10,0.27,26.83
1990,11,0.31,26.82
1990,12,0.34,26.88
1991,1,0.35,26.99
1991,2,0.26,27.16
1991,3,0.23,27.5
1991,4,0.29,27.9
1991,5,0.49,28.21
1991,6,0.63,28.18
1991,7,0.77,27.97
1991,8,0.67,27.6
1991,9,0.72,27.49
1991,10,0.83,27.57
1991,11,1.18,27.89
1991,12,1.43,28.09
1992,1,1.54,28.24
1992,2,1.5,28.4
1992,3,1.4,28.67
1992,4,1.3,28.91
1992,5,1.08,28.8
1992,6,0.72,28.27
1992,7,0.35,27.55
1992,8,0.08,27
1992,9,-0.15,26.63
1992,10,-0.22,26.52
1992,11,-0.24,26.47
1992,12,-0.05,26.62
1993,1,0.13,26.82
1993,2,0.31,27.21
1993,3,0.5,27.76
1993,4,0.73,28.34
1993,5,0.76,28.48
1993,6,0.56,28.11
1993,7,0.28,27.48
1993,8,0.22,27.14
1993,9,0.2,26.98
1993,10,0.2,26.95
1993,11,0.2,26.9
1993,12,0.19,26.85
1994,1,0.07,26.77
1994,2,0,26.9
1994,3,0.04,27.31
1994,4,0.17,27.78
1994,5,0.25,27.97
1994,6,0.23,27.78
1994,7,0.3,27.51
1994,8,0.3,27.22
1994,9,0.47,27.25
1994,10,0.66,27.4
1994,11,0.93,27.64
1994,12,0.97,27.64
1995,1,0.88,27.58
1995,2,0.65,27.56
1995,3,0.46,27.73
1995,4,0.19,27.8
1995,5,0.03,27.75
1995,6,-0.11,27.43
1995,7,-0.3,26.91
1995,8,-0.55,26.38
1995,9,-0.81,25.97
1995,10,-0.97,25.78
1995,11,-1.05,25.66
1995,12,-1.01,25.64
1996,1,-0.88,25.78
1996,2,-0.7,26.15
1996,3,-0.52,26.72
1996,4,-0.36,27.25
1996,5,-0.25,27.48
1996,6,-0.24,27.3
1996,7,-0.22,26.99
1996,8,-0.27,26.65
1996,9,-0.3,26.45
1996,10,-0.33,26.35
1996,11,-0.39,26.24
1996,12,-0.41,26.18
1997,1,-0.41,26.23
1997,2,-0.26,26.59
1997,3,-0.03,27.21
1997,4,0.3,27.9
1997,5,0.71,28.44
1997,6,1.13,28.67
1997,7,1.48,28.69
1997,8,1.79,28.7
1997,9,2.04,28.78
1997,10,2.24,28.92
1997,11,2.34,28.97
1997,12,2.37,28.96
1998,1,2.22,28.85
1998,2,1.91,28.76
1998,3,1.4,28.64
1998,4,1.03,28.63
1998,5,0.4,28.13
1998,6,-0.08,27.46
1998,7,-0.63,26.57
1998,8,-0.83,26.08
1998,9,-1.02,25.73
1998,10,-1.12,25.56
1998,11,-1.31,25.32
1998,12,-1.47,25.12
1999,1,-1.51,25.12
1999,2,-1.25,25.6
1999,3,-0.93,26.31
1999,4,-0.8,26.8
1999,5,-0.79,26.94
1999,6,-0.84,26.7
1999,7,-0.9,26.3
1999,8,-0.94,25.97
1999,9,-1,25.75
1999,10,-1.13,25.55
1999,11,-1.35,25.27
1999,12,-1.53,25.06
2000,1,-1.47,25.17
2000,2,-1.26,25.59
2000,3,-0.98,26.26
2000,4,-0.81,26.79
2000,5,-0.67,27.06
2000,6,-0.62,26.92
2000,7,-0.48,26.73
2000,8,-0.4,26.52
2000,9,-0.42,26.33
2000,10,-0.54,26.14
2000,11,-0.76,25.87
2000,12,-0.78,25.78
2001,1,-0.76,25.82
2001,2,-0.54,26.25
2001,3,-0.43,26.79
2001,4,-0.29,27.34
2001,5,-0.19,27.59
2001,6,-0.08,27.53
2001,7,-0.05,27.24
2001,8,-0.13,26.86
2001,9,-0.15,26.67
2001,10,-0.26,26.52
2001,11,-0.33,26.4
2001,12,-0.32,26.32
2002,1,-0.15,26.46
2002,2,0.07,26.86
2002,3,0.11,27.34
2002,4,0.15,27.78
2002,5,0.3,28.08
2002,6,0.45,28.05
2002,7,0.57,27.85
2002,8,0.63,27.62
2002,9,0.78,27.6
2002,10,0.99,27.77
2002,11,1.19,27.92
2002,12,1.08,27.72
2003,1,0.9,27.51
2003,2,0.59,27.39
2003,3,0.38,27.61
2003,4,-0.01,27.62
2003,5,-0.18,27.6
2003,6,-0.13,27.47
2003,7,0.09,27.38
2003,8,0.14,27.13
2003,9,0.23,27.05
2003,10,0.23,27
2003,11,0.29,27.02
2003,12,0.29,26.93
2004,1,0.34,26.95
2004,2,0.27,27.06
2004,3,0.19,27.41
2004,4,0.1,27.72
2004,5,0.12,27.9
2004,6,0.22,27.83
2004,7,0.39,27.67
2004,8,0.54,27.53
2004,9,0.58,27.4
2004,10,0.61,27.38
2004,11,0.64,27.37
2004,12,0.71,27.34
2005,1,0.62,27.23
2005,2,0.55,27.35
2005,3,0.4,27.62
2005,4,0.37,27.99
2005,5,0.27,28.05
2005,6,0.09,27.7
2005,7,-0.04,27.24
2005,8,-0.14,26.85
2005,9,-0.11,26.71
2005,10,-0.27,26.5
2005,11,-0.57,26.16
2005,12,-0.82,25.86
2006,1,-0.86,25.83
2006,2,-0.8,26.11
2006,3,-0.63,26.71
2006,4,-0.45,27.28
2006,5,-0.19,27.69
2006,6,-0.05,27.63
2006,7,0.12,27.45
2006,8,0.33,27.32
2006,9,0.54,27.34
2006,10,0.71,27.47
2006,11,0.88,27.6
2006,12,0.88,27.55
2007,1,0.62,27.3
2007,2,0.19,27.1
2007,3,-0.12,27.22
2007,4,-0.32,27.41
2007,5,-0.34,27.54
2007,6,-0.41,27.27
2007,7,-0.49,26.84
2007,8,-0.77,26.22
2007,9,-1.05,25.75
2007,10,-1.38,25.38
2007,11,-1.57,25.15
2007,12,-1.72,24.95
2008,1,-1.76,24.92
2008,2,-1.61,25.29
2008,3,-1.37,25.97
2008,4,-1.05,26.69
2008,5,-0.85,27.03
2008,6,-0.56,27.13
2008,7,-0.33,26.99
2008,8,-0.2,26.78
2008,9,-0.25,26.55
2008,10,-0.36,26.4
2008,11,-0.57,26.15
2008,12,-0.79,25.87
2009,1,-0.89,25.79
2009,2,-0.84,26.07
2009,3,-0.63,26.71
2009,4,-0.35,27.38
2009,5,0.03,27.91
2009,6,0.34,28.03
2009,7,0.5,27.82
2009,8,0.56,27.55
2009,9,0.66,27.46
2009,10,0.92,27.68
2009,11,1.31,28.02
2009,12,1.5,28.16
2010,1,1.47,28.15
2010,2,1.21,28.11
2010,3,0.88,28.22
2010,4,0.38,28.11
2010,5,-0.16,27.72
2010,6,-0.66,27.03
2010,7,-0.98,26.34
2010,8,-1.24,25.74
2010,9,-1.43,25.37
2010,10,-1.54,25.21
2010,11,-1.57,25.14
2010,12,-1.48,25.14
2011,1,-1.29,25.28
2011,2,-1.06,25.72
2011,3,-0.85,26.37
2011,4,-0.68,26.95
2011,5,-0.5,27.29
2011,6,-0.34,27.29
2011,7,-0.37,26.92
2011,8,-0.5,26.45
2011,9,-0.76,26
2011,10,-0.94,25.77
2011,11,-1.02,25.63
2011,12,-0.92,25.64
2012,1,-0.71,25.84
2012,2,-0.56,26.22
2012,3,-0.44,26.79
2012,4,-0.35,27.29
2012,5,-0.18,27.62
2012,6,0.03,27.66
2012,7,0.28,27.57
2012,8,0.39,27.35
2012,9,0.37,27.13
2012,10,0.28,26.99
2012,11,0.13,26.78
2012,12,-0.03,26.53
2013,1,-0.24,26.3
2013,2,-0.28,26.5
2013,3,-0.23,27
2013,4,-0.2,27.43
2013,5,-0.3,27.49
2013,6,-0.38,27.24
2013,7,-0.45,26.84
2013,8,-0.34,26.61
2013,9,-0.32,26.45
2013,10,-0.14,26.57
2013,11,-0.12,26.53
2013,12,-0.11,26.45
2014,1,-0.24,26.31
2014,2,-0.21,26.57
2014,3,-0.02,27.21
2014,4,0.25,27.88
2014,5,0.35,28.14
2014,6,0.22,27.84
2014,7,0.07,27.36
2014,8,0.07,27.03
2014,9,0.24,27
2014,10,0.51,27.22
2014,11,0.7,27.35
2014,12,0.8,27.36
2015,1,0.73,27.28
2015,2,0.65,27.43
2015,3,0.72,27.95
2015,4,0.86,28.49
2015,5,1.04,28.83
2015,6,1.19,28.82
2015,7,1.44,28.73
2015,8,1.73,28.69
2015,9,2.02,28.79
2015,10,2.28,28.99
2015,11,2.45,29.1
2015,12,2.59,29.15
2016,1,2.5,29.05
2016,2,2.21,28.99
2016,3,1.69,28.92
2016,4,1.11,28.74
2016,5,0.57,28.37
2016,6,0.09,27.72
2016,7,-0.19,27.1
2016,8,-0.34,26.62
2016,9,-0.42,26.34
2016,10,-0.51,26.2
2016,11,-0.49,26.16
2016,12,-0.37,26.19
2017,1,-0.08,26.47
2017,2,0.08,26.86
2017,3,0.27,27.5
2017,4,0.32,27.95
2017,5,0.35,28.15
2017,6,0.32,27.94
2017,7,0.14,27.43
2017,8,-0.07,26.89
2017,9,-0.23,26.54
2017,10,-0.44,26.27
2017,11,-0.61,26.04
2017,12,-0.76,25.8
2018,1,-0.71,25.83
2018,2,-0.67,26.11
2018,3,-0.55,26.68
2018,4,-0.35,27.28
2018,5,-0.07,27.72
2018,6,0.13,27.76
2018,7,0.2,27.49
2018,8,0.3,27.25
2018,9,0.52,27.28
2018,10,0.82,27.53
2018,11,1.04,27.69
2018,12,1.05,27.61
2019,1,0.99,27.54
2019,2,0.94,27.72
2019,3,0.87,28.1
2019,4,0.82,28.45
2019,5,0.71,28.5
2019,6,0.59,28.21
2019,7,0.38,27.67
2019,8,0.2,27.16
2019,9,0.31,27.07
2019,10,0.51,27.22
2019,11,0.72,27.37
2019,12,0.75,27.31
2020,1,0.71,27.25
2020,2,0.66,27.44
2020,3,0.57,27.8
2020,4,0.33,27.97
2020,5,0.04,27.83
2020,6,-0.18,27.45
2020,7,-0.29,27
2020,8,-0.43,26.52
2020,9,-0.77,25.99
2020,10,-1,25.71
2020,11,-1.11,25.54
2020,12,-1.06,25.5
2021,1,-0.99,25.55
2021,2,-0.85,25.92
2021,3,-0.74,26.48
2021,4,-0.56,27.07
2021,5,-0.4,27.39
2021,6,-0.31,27.31
2021,7,-0.35,26.95
2021,8,-0.46,26.49
2021,9,-0.64,26.13
2021,10,-0.77,25.94
2021,11,-0.91,25.74
2021,12,-0.83,25.73
2022,1,-0.76,25.79
2022,2,-0.68,26.09
2022,3,-0.77,26.46
2022,4,-0.86,26.77
2022,5,-0.83,26.96
2022,6,-0.73,26.9
2022,7,-0.7,26.59
2022,8,-0.78,26.18
2022,9,-0.87,25.89
2022,10,-0.89,25.82
2022,11,-0.82,25.83
2022,12,-0.7,25.86
2023,1,-0.55,26
2023,2,-0.33,26.45
2023,3,-0.11,27.12
2023,4,0.19,27.82
2023,5,0.46,28.25
2023,6,0.73,28.36
2023,7,1,28.29
2023,8,1.25,28.21
2023,9,1.5,28.26
2023,10,1.74,28.45
2023,11,1.9,28.55
2023,12,1.99,28.55
2024,1,1.84,28.38
2024,2,1.53,28.3
2024,3,1.18,28.4
2024,4,0.77,28.4
2024,5,0.43,28.23
2024,6,0.18,27.8
2024,7,0.06,27.35
2024,8,-0.04,26.92
2024,9,-0.12,26.64
2024,10,-0.19,26.52
2024,11,-0.29,26.35
2024,12,-0.43,26.13
2025,1,-0.46,26.09
2025,2,-0.22,26.56
2025,3,-0.08,27.15
2025,4,0.02,27.65
2025,5,-0.04,27.76
2025,6,-0.02,27.61
2025,7,-0.11,27.18
2025,8,-0.26,26.7
2025,9,-0.43,26.33
2025,10,-0.57,26.14
2025,11,-0.61,26.04
2025,12,-0.6,25.96
2026,1,-0.39,26.15
2026,2,-0.21,26.57
2026,3,0.11,27.34
2026,4,0.46,28.09
2026,5,0.95,28.74
2026,6,1.39,29.02
2026,7,1.8,29.09
2026,8,2.16,29.12
