year,co2,co2_including_luc,cumulative_co2,cumulative_co2_including_luc,coal_co2,oil_co2,gas_co2,cement_co2,land_use_change_co2
1750,9.306,,9.306,,9.306,,,,
1751,9.407,,18.713,,9.407,,,,
1752,9.505,,28.218,,9.505,,,,
1753,9.61,,37.829,,9.61,,,,
1754,9.734,,47.562,,9.734,,,,
1755,9.793,,57.356,,9.793,,,,
1756,9.91,,67.266,,9.91,,,,
1757,10.094,,77.36,,10.094,,,,
1758,10.216,,87.576,,10.216,,,,
1759,10.339,,97.915,,10.339,,,,
1760,10.514,,108.429,,10.514,,,,
1761,10.748,,119.177,,10.748,,,,
1762,10.952,,130.129,,10.952,,,,
1763,11.192,,141.321,,11.192,,,,
1764,11.397,,152.718,,11.397,,,,
1765,11.643,,164.361,,11.643,,,,
1766,11.876,,176.237,,11.876,,,,
1767,12.153,,188.39,,12.153,,,,
1768,12.467,,200.857,,12.467,,,,
1769,12.78,,213.637,,12.78,,,,
1770,13.097,,226.734,,13.097,,,,
1771,13.369,,240.104,,13.369,,,,
1772,13.624,,253.727,,13.624,,,,
1773,13.808,,267.535,,13.808,,,,
1774,14.012,,281.548,,14.012,,,,
1775,14.339,,295.887,,14.339,,,,
1776,14.654,,310.541,,14.654,,,,
1777,14.96,,325.5,,14.96,,,,
1778,15.243,,340.744,,15.243,,,,
1779,15.535,,356.279,,15.535,,,,
1780,15.879,,372.158,,15.879,,,,
1781,16.234,,388.392,,16.234,,,,
1782,16.581,,404.973,,16.581,,,,
1783,17.063,,422.036,,17.063,,,,
1784,17.471,,439.507,,17.471,,,,
1785,17.965,,457.472,,17.965,,,,
1786,18.447,,475.92,,18.447,,,,
1787,18.859,,494.779,,18.859,,,,
1788,19.286,,514.065,,19.286,,,,
1789,19.863,,533.928,,19.863,,,,
1790,20.398,,554.326,,20.398,,,,
1791,20.932,,575.258,,20.932,,,,
1792,21.929,,597.187,,21.929,,,,
1793,22.297,,619.485,,22.297,,,,
1794,22.52,,642.004,,22.52,,,,
1795,22.315,,664.32,,22.315,,,,
1796,22.121,,686.441,,22.121,,,,
1797,22.09,,708.531,,22.09,,,,
1798,23.106,,731.637,,23.106,,,,
1799,27.485,,759.122,,27.485,,,,
1800,32.798,,791.921,,32.798,,,,
1801,31.986,,823.907,,31.986,,,,
1802,40.31,,864.217,,40.31,,,,
1803,29.539,,893.756,,29.539,,,,
1804,31.769,,925.525,,31.769,,,,
1805,31.252,,956.777,,31.252,,,,
1806,32.705,,989.481,,32.705,,,,
1807,36.201,,1025.682,,36.201,,,,
1808,35.498,,1061.18,,35.498,,,,
1809,36.334,,1097.513,,36.334,,,,
1810,39.492,,1137.006,,39.492,,,,
1811,40.177,,1177.182,,40.177,,,,
1812,40.815,,1217.997,,40.815,,,,
1813,41.206,,1259.203,,41.206,,,,
1814,42.227,,1301.43,,42.227,,,,
1815,43.587,,1345.017,,43.587,,,,
1816,45.497,,1390.514,,45.497,,,,
1817,49.276,,1439.789,,49.276,,,,
1818,51.392,,1491.182,,51.392,,,,
1819,50.93,,1542.112,,50.93,,,,
1820,50.733,,1592.845,,50.733,,,,
1821,52.059,,1644.904,,52.059,,,,
1822,54.022,,1698.926,,54.022,,,,
1823,56.358,,1755.284,,56.358,,,,
1824,57.584,,1812.867,,57.584,,,,
1825,60.731,,1873.598,,60.731,,,,
1826,61.382,,1934.98,,61.382,,,,
1827,65.739,,2000.719,,65.739,,,,
1828,66.682,,2067.401,,66.682,,,,
1829,66.307,,2133.708,,66.307,,,,
1830,88.988,,2222.697,,88.988,,,,
1831,83.251,,2305.947,,83.251,,,,
1832,82.092,,2388.039,,82.092,,,,
1833,83.249,,2471.288,,83.249,,,,
1834,88.763,,2560.051,,88.763,,,,
1835,97.4,,2657.451,,97.4,,,,
1836,106.894,,2764.345,,106.894,,,,
1837,106.199,,2870.545,,106.199,,,,
1838,105.845,,2976.39,,105.845,,,,
1839,109.653,,3086.043,,109.653,,,,
1840,118.809,,3204.852,,118.809,,,,
1841,122.166,,3327.017,,122.166,,,,
1842,129.389,,3456.406,,129.389,,,,
1843,132.369,,3588.775,,132.369,,,,
1844,141.966,,3730.742,,141.966,,,,
1845,155.073,,3885.815,,155.073,,,,
1846,157.702,,4043.517,,157.702,,,,
1847,170.797,,4214.313,,170.797,,,,
1848,173.643,,4387.957,,173.643,,,,
1849,185.048,,4573.005,,185.048,,,,
1850,196.848,2910.87,4769.853,2910.87,196.848,,,,2714.022
1851,198.779,3019.546,4968.631,5930.416,198.779,,,,2820.767
1852,207.595,3124.945,5176.226,9055.361,207.595,,,,2917.35
1853,217.237,3152.687,5393.463,12208.048,217.237,,,,2935.45
1854,255.039,3230.597,5648.502,15438.646,255.039,,,,2975.559
1855,260.26,3288.08,5908.762,18726.725,260.223,0.037,,,3027.82
1856,278.246,3322.114,6187.007,22048.838,278.205,0.04,,,3043.868
1857,281.181,3372.865,6468.188,25421.703,281.13,0.051,,,3091.683
1858,285.548,3397.97,6753.737,28819.674,285.486,0.062,,,3112.421
1859,302.572,3458.485,7056.309,32278.158,302.517,0.055,,,3155.913
1860,332.298,3228.275,7388.607,35506.434,332.025,0.273,,,2895.977
1861,349.19,3115.803,7737.798,38622.238,348.249,0.941,,,2766.613
1862,355.991,3048.249,8093.789,41670.484,354.592,1.399,,,2692.258
1863,379.535,3042.359,8473.323,44712.844,378.242,1.293,,,2662.824
1864,409.525,3096.068,8882.849,47808.914,408.416,1.11,,,2686.542
1865,434.851,3043.131,9317.7,50852.043,433.532,1.32,,,2608.28
1866,449.067,3070.036,9766.768,53922.078,447.115,1.952,,,2620.969
1867,480.814,3055.824,10247.581,56977.902,478.829,1.985,,,2575.01
1868,494.494,3057.755,10742.074,60035.656,492.205,2.288,,,2563.261
1869,524.731,3080.701,11266.806,63116.363,522.117,2.614,,,2555.97
1870,536.123,3447.55,11802.929,66563.906,532.99,3.133,,,2911.427
1871,569.777,3566.819,12372.705,70130.727,566.495,3.282,,,2997.042
1872,630.961,3788.768,13003.667,73919.492,627.264,3.698,,,3157.806
1873,670.467,3879.655,13674.135,77799.156,664.798,5.669,,,3209.188
1874,628.662,3939.355,14302.797,81738.508,622.42,6.242,,,3310.693
1875,681.048,4013.273,14983.845,85751.773,675.214,5.834,,,3332.225
1876,690.583,4078.097,15674.428,89829.875,684.048,6.534,,,3387.515
1877,704.033,4180.692,16378.46,94010.562,695.211,8.822,,,3476.66
1878,709.65,4241.147,17088.109,98251.719,699.612,10.038,,,3531.498
1879,759.794,4348.402,17847.904,102600.117,747.138,12.657,,,3588.607
1880,858.228,4481.337,18706.131,107081.461,842.695,15.36,,0.172,3623.11
1881,888.173,4491.63,19594.303,111573.078,870.726,17.239,,0.208,3603.458
1882,938.158,4621.833,20532.461,116194.922,918.787,18.936,0.165,0.27,3683.676
1883,997.862,4742.019,21530.324,120936.938,980.636,16.498,0.381,0.348,3744.156
1884,1009.762,4759.06,22540.088,125696,989.938,18.319,1.172,0.333,3749.298
1885,1017.489,4772.625,23557.576,130468.625,994.473,18.956,3.715,0.345,3755.136
1886,1032.987,4783.079,24590.562,135251.703,1003.117,21.821,7.676,0.374,3750.092
1887,1084.283,4893.109,25674.846,140144.797,1048.46,23.479,11.787,0.556,3808.826
1888,1201.342,5001.777,26876.189,145146.594,1159.449,24.578,16.774,0.541,3800.435
1889,1202.098,5037.133,28078.285,150183.719,1160.885,28.404,12.227,0.582,3835.035
1890,1307.255,5423.613,29385.541,155607.328,1260.254,34.648,11.688,0.665,4116.357
1891,1369.598,5575.736,30755.139,161183.078,1319.138,40.829,8.947,0.684,4206.138
1892,1380.536,5562.223,32135.676,166745.297,1331.829,40.204,7.775,0.728,4181.686
1893,1363.18,5582.068,33498.855,172327.359,1312.683,42.544,7.288,0.665,4218.889
1894,1412.227,5715.95,34911.086,178043.312,1363.137,41.697,6.698,0.695,4303.722
1895,1495.964,5786.031,36407.047,183829.328,1439.659,48.536,7.042,0.726,4290.067
1896,1545.451,5850.712,37952.496,189680.062,1485.244,52.568,6.848,0.791,4305.261
1897,1618.405,5993.856,39570.902,195673.922,1554.677,55.527,7.288,0.914,4375.451
1898,1706.967,6098.222,41277.871,201772.141,1640.331,57.169,8.46,1.007,4391.255
1899,1864.424,6291.44,43142.293,208063.578,1792.204,60.026,10.904,1.29,4427.016
1900,1962.884,6423.621,45105.176,214487.188,1882.645,67.303,11.542,1.395,4460.737
1901,2025.628,6611.075,47130.805,221098.266,1936.356,74.746,12.861,1.666,4585.447
1902,2076.956,6704.71,49207.762,227802.969,1980.299,80.803,13.696,2.158,4627.754
1903,2264.592,6927.692,51472.352,234730.672,2161.955,85.56,14.528,2.548,4663.1
1904,2290.255,7062.163,53762.609,241792.828,2174.434,96.073,15.165,2.749,4771.908
1905,2440.571,7244.465,56203.18,249037.297,2320.898,97.01,17.17,3.512,4803.895
1906,2548.978,7420.486,58752.156,256457.781,2425.449,97.878,19.027,4.497,4871.508
1907,2904.949,7778.838,61657.105,264236.625,2758.979,119.41,19.877,4.63,4873.889
1908,2790.395,7711.734,64447.5,271948.344,2635.282,128.779,19.676,4.824,4921.338
1909,2907.112,7906.798,67354.609,279855.156,2740.823,134.358,23.523,6.06,4999.687
1910,3050.273,7848.428,70404.883,287703.594,2871.834,144.094,24.915,7.083,4798.155
1911,3097.207,7862.826,73502.094,295566.406,2909.144,152.815,25.718,7.258,4765.618
1912,3253.929,7921.23,76756.023,303487.656,3058.476,157.161,28.315,7.629,4667.301
1913,3524.846,8145.113,80280.867,311632.75,3302.354,181.957,29.598,8.516,4620.268
1914,3197.75,7824.466,83478.617,319457.219,2971.226,186.003,30.136,8.111,4626.716
1915,3148.031,7701.369,86626.648,327158.594,2908.266,197.563,31.866,7.915,4553.338
1916,3400.232,7941.577,90026.875,335100.156,3135.505,215.195,38.377,8.441,4541.345
1917,3556.499,8015.733,93583.375,343115.875,3265.622,239.365,40.509,8.509,4459.234
1918,3506.085,7922.89,97089.461,351038.812,3215.897,245.023,36.519,6.519,4416.805
1919,3041.113,7426.347,100130.578,358465.156,2720.155,273.411,37.948,7.399,4385.234
1920,3546.758,8323.49,103677.336,366788.594,3132.616,361.039,41.685,9.07,4776.732
1921,3114.994,8100.611,106792.328,374889.219,2672.104,397.27,34.992,8.94,4985.617
1922,3264.717,8321.306,110057.047,383210.562,2773.434,438.308,40.107,10.448,5056.589
1923,3702.996,8871.153,113760.039,392081.688,3149.715,485.534,52.526,12.507,5168.157
1924,3716.143,8830.048,117476.18,400911.719,3155.952,484.185,59.709,13.582,5113.906
1925,3740.633,8989.484,121216.82,409901.25,3153.677,505.524,63.923,14.429,5248.851
1926,3677.407,8943.637,124894.227,418844.875,3084.044,506.47,69.145,14.74,5266.23
1927,4012.947,9284.173,128907.172,428129.031,3364.399,554.148,76.018,15.448,5271.226
1928,3996.311,9322.984,132903.484,437452,3307.581,567.589,82.623,35.583,5326.674
1929,4288.21,9670.662,137191.688,447122.656,3523.884,621.698,102.895,36.873,5382.453
1930,3958.094,9396.154,141149.781,456518.812,3216.251,599.784,104.225,35.561,5438.06
1931,3539.319,9063.629,144689.109,465582.469,2833.196,580.507,92.889,30.894,5524.311
1932,3192.59,8757.925,147881.688,474340.406,2522.37,555.986,88.22,24.694,5565.335
1933,3362.682,8883.585,151244.375,483223.969,2638.807,607.577,90.919,23.839,5520.903
1934,3656.186,9230.619,154900.562,492454.562,2880.47,643.636,101.952,28.514,5574.434
1935,3835.741,9347.265,158736.297,501801.844,2998.369,691.96,111.374,32.058,5511.523
1936,4207.929,9852.772,162944.234,511654.625,3287.721,753.446,125.532,38.736,5644.844
1937,4496.713,10122.65,167440.938,521777.281,3465.992,846.626,140.578,40.804,5625.938
1938,4229.617,9895.467,171670.562,531672.75,3230.586,822.813,135.497,38.521,5665.851
1939,4470.132,10105.731,176140.703,541778.5,3435.781,854.5,141.331,35.659,5635.598
1940,4884.662,10628.067,181025.359,552406.562,3795.503,900.981,153.52,31.431,5743.406
1941,4999.09,10890.24,186024.438,563296.812,3885.963,912.337,153.463,43.293,5891.15
1942,4982.523,10887.828,191006.969,574184.625,3910.556,863.508,166.049,38.376,5905.305
1943,5075.272,10969.573,196082.234,585154.188,3926.686,926.591,182.9,34.769,5894.301
1944,5162.486,10988.551,201244.719,596142.688,3869.107,1068.786,197.601,22.664,5826.065
1945,4289.312,10152.701,205534.031,606295.438,2999.876,1045.789,216.7,22.986,5863.389
1946,4608.545,10436.161,210142.578,616731.562,3236.01,1108.431,223.837,36.306,5827.616
1947,5165.204,10943.44,215307.781,627675.062,3623.154,1246.469,247.893,43.141,5778.238
1948,5447.883,11172.639,220755.672,638847.688,3740.727,1370.552,280.127,51.635,5724.756
1949,5204.033,10887.349,225959.703,649735.062,3547.274,1293.929,300.46,58.189,5683.316
1950,5930.406,12584.438,231890.109,662319.438,3879.955,1551.783,353.156,66.9,6654.031
1951,6381.651,13578.992,238271.75,675898.438,4084.146,1720.176,416.186,75.766,7197.342
1952,6467.7,13718.915,244739.453,689617.375,4030.056,1819.094,447.086,80.746,7251.215
1953,6651.039,14034.659,251390.484,703652.062,4061.101,1938.059,474.53,89.546,7383.62
1954,6789.734,14596.57,258180.234,718248.625,4053.676,2054.232,501.356,97.134,7806.836
1955,7444.103,15438.17,265624.344,733686.812,4386.083,2299.538,547.242,107.436,7994.067
1956,7926.275,15986.904,273550.594,749673.625,4608.297,2499.033,587.242,116.488,8060.629
1957,8185.976,16466.127,281736.562,766139.812,4691.583,2612.05,646.687,122.452,8280.151
1958,8417.517,16629.943,290154.094,782769.688,4761.458,2719.235,705.853,129.694,8212.429
1959,8855.112,17547.879,299009.219,800317.625,4953.932,2897.693,758.26,145.245,8692.767
1960,9386.951,16997.52,308396.156,817315.125,5158.323,3119.97,834.618,157.394,7610.568
1961,9414.99,17045.148,317811.156,834360.312,4944.186,3309.097,882.126,164.144,7630.158
1962,9747.241,16885.641,327558.406,851245.938,4928.587,3558.261,967.82,176.364,7138.4
1963,10266.777,17220.107,337825.156,868466,5107.931,3803.658,1046.95,185.981,6953.332
1964,10824.47,17484.389,348649.656,885950.438,5213.215,4104.341,1152.992,206.15,6659.918
1965,11310.603,17696.027,359960.25,903646.5,5289.088,4409.442,1230.667,216.431,6385.424
1966,11862.625,17779.766,371822.875,921426.188,5349.978,4758.873,1339.98,233.008,5917.141
1967,12237.371,18487.898,384060.219,939914.125,5261.868,5074.54,1433.099,239.881,6250.528
1968,12905.273,19232.404,396965.5,959146.562,5319.659,5528.198,1559.751,255.273,6327.129
1969,13761.798,20702.344,410727.312,979848.875,5518.273,5978.462,1708.72,270.599,6940.544
1970,14899.139,21588.809,425626.469,1001437.688,5698.858,6799.016,1790.936,288.231,6689.67
1971,15503.862,21643.262,441130.312,1023080.938,5700.055,7201.027,1933.588,303.058,6139.398
1972,16224.579,22662.668,457354.906,1045743.625,5691.283,7764.705,2052.349,321.256,6438.088
1973,17077.285,23331.549,474432.188,1069075.125,5860.898,8219.69,2202.723,340.161,6254.265
1974,16997.912,23310.912,491430.094,1092386.125,5857.693,8099.29,2256.541,340.611,6312.999
1975,16988.477,23111.973,508418.562,1115498.125,6018.315,8005.122,2241.266,339.876,6123.497
1976,17862.492,23922.773,526281.062,1139420.875,6226.34,8475.642,2359.009,356.053,6060.281
1977,18358.039,24978.129,544639.062,1164399,6375.023,8767.405,2411.72,372.71,6620.091
1978,19024.742,25588.641,563663.875,1189987.625,6510.128,9133.723,2541.737,397.889,6563.897
1979,19508.59,25364.418,583172.438,1215352,6799.882,9224.317,2668.065,403.703,5855.829
1980,19409.793,25411.107,602582.25,1240763.125,6984.99,8912.474,2741.514,406.156,6001.314
1981,18879.756,24716.338,621461.938,1265479.5,6942.941,8483.404,2763.373,406.189,5836.581
1982,18729.742,24261.297,640191.688,1289740.75,7066.997,8276.258,2701.499,404.047,5531.553
1983,18901.775,24741.631,659093.5,1314482.375,7269.239,8214.693,2743.12,413.275,5839.854
1984,19457.25,25882.049,678550.75,1340364.375,7586.115,8238.706,2972.027,421.117,6424.799
1985,20144.863,26932.607,698695.625,1367297,8144.824,8247.613,3089.7,425.741,6787.743
1986,20438.045,27381.361,719133.688,1394678.375,8261.466,8490.594,3014.606,441.784,6943.316
1987,21106.189,27604.137,740239.875,1422282.625,8549.229,8579.333,3281.567,458.382,6497.945
1988,21918.756,28075.438,762158.562,1450358,8836.429,8889.34,3435.978,481.928,6156.68
1989,22200.213,28181.033,784358.812,1478539,8827.798,9037.386,3604.958,492.073,5980.82
1990,22732.145,28561.215,807091,1507100.25,8659.787,9196.439,3790.182,492.522,5829.07
1991,23205.592,28925.889,830296.562,1536026.125,8574.09,9656.487,3851.52,504.694,5720.298
1992,22520.424,28488.322,852816.938,1564514.5,8361.174,9154.655,3901.366,525.922,5967.898
1993,22749.873,28483.164,875566.875,1592997.625,8470.028,9172.321,4007.804,549.567,5733.292
1994,22974.598,29643.506,898541.438,1622641.125,8513.747,9196.235,4040.174,586.744,6668.908
1995,23516.639,29794.719,922058.125,1652435.875,8758.441,9283.901,4196.848,620.204,6278.081
1996,24233.477,30775.305,946291.562,1683211.125,8976.964,9562.137,4381.599,633.559,6541.828
1997,24380.322,32399.938,970671.938,1715611.125,8927.3,9702.211,4395.058,658.829,8019.617
1998,24295.713,31087.949,994967.625,1746699,8689.001,9821.975,4443.504,656.596,6792.238
1999,24837.771,31399.629,1019805.375,1778098.625,8809.093,10064.188,4586.166,688.047,6561.857
2000,25511.482,31657.244,1045316.812,1809755.875,9156.638,10211.624,4727.823,718.165,6145.762
2001,25692.994,31153.697,1071009.875,1840909.5,9208.429,10283.57,4771.715,750.748,5460.704
2002,26265.332,32359.027,1097275.125,1873268.625,9630.182,10269.353,4913.652,779.004,6093.696
2003,27652.691,34973.902,1124927.875,1908242.5,10466.565,10540.85,5096.196,857.435,7321.209
2004,28610.023,35053.887,1153537.875,1943296.375,10813.392,10924.574,5257.67,895.93,6443.865
2005,29598.951,35530.062,1183136.875,1978826.5,11498.5,11030.305,5376.289,966.776,5931.112
2006,30594.152,36627.895,1213731,2015454.25,12136.238,11142.928,5531.006,1047.294,6033.741
2007,31499.256,37092.461,1245230.25,2052546.75,12724.451,11184.312,5736.637,1126.199,5593.206
2008,32049.66,38000.68,1277279.875,2090547.5,13149.669,11143.34,5905.5,1137.397,5951.02
2009,31513.014,38047.828,1308793,2128595.5,13003.172,10899.597,5765.684,1170.606,6534.817
2010,33317.672,39835.5,1342110.5,2168430.75,13918.224,11253.694,6205.78,1251.813,6517.829
2011,34479.988,40872.547,1376590.625,2209303.5,14704.223,11310.148,6389.33,1344.747,6392.556
2012,34954.734,41636.855,1411545.25,2250940.25,14867.802,11432.716,6523.143,1377.354,6682.122
2013,35275.82,41595.344,1446821.125,2292535.5,14953.153,11516.626,6573.116,1441.334,6319.521
2014,35465.695,41875.609,1482286.875,2334411.25,15014.883,11561.832,6604.976,1492.451,6409.911
2015,35403.527,41916.152,1517690.375,2376327.25,14655.017,11770.022,6728.989,1440.666,6512.625
2016,35392.832,40769.383,1553083.125,2417096.75,14322.989,11900.264,6914.85,1476.147,5376.553
2017,35974.609,41282.379,1589057.75,2458379,14494.168,12085.292,7084.615,1499.947,5307.768
2018,36734.004,41616.027,1625791.75,2499995.25,14762.694,12142.828,7419.413,1546.849,4882.023
2019,37086.566,41973.746,1662878.375,2541969,14702.956,12325.908,7574.056,1615.727,4887.178
2020,35158.23,39674.77,1698036.625,2581643.75,14267.035,10932.342,7520.82,1624.052,4516.54
2021,36866.863,41523.965,1734903.5,2623167.5,14969.249,11513.166,7878.698,1666.885,4657.103
2022,37527.773,42313.164,1772431.25,2665480.75,15449.177,11914.912,7758.746,1578.739,4785.392
2023,38094.039,42839.594,1810525.375,2708320.25,15636.373,12278.241,7802.845,1540.286,4745.551
2024,38598.578,43184.086,1849123.875,2751504.25,15805.254,12470.596,8009.828,1472.818,4585.508
