#EXPORTTYPE:                  ,DATA ALL,,,,,,
#INSTRUMENT:                  ,NETZSCH STA 449F3 (synthetic),,,,,,
#SAMPLE:                      ,Ba0.5Sr0.5Co0.8Fe0.2O3-d,,,,,,
#SAMPLE MASS /mg:             ,25.000,,,,,,
#RANGE:                       ,3 x (200/10.0(K/min)/800/-10.0(K/min)/200),,,,,,
#EXO:                         ,1,,,,,,
,,,,,,,
##Temp./°C,Time/min,DSC/(uV/mg),Mass/mg,Segment
200,0,-0.000469292,25,1
202,0.2,-0.00108416,24.999,1
204,0.4,0.000413232,24.9985,1
206,0.6,0.00104103,25.0003,1
208,0.8,0.00326402,25.0006,1
210,1,0.00069015,25.0001,1
212,1.2,5.37435e-05,24.9989,1
214,1.4,0.00284461,25.0003,1
216,1.6,-0.000556189,24.999,1
218,1.8,0.00288563,25.0003,1
220,2,-0.00230402,25.0004,1
222,2.2,0.003685,24.9998,1
224,2.4,0.000777967,24.9995,1
226,2.6,-0.00122138,25.0007,1
228,2.8,0.00598355,24.9999,1
230,3,-0.000240425,25.0004,1
232,3.2,-0.00059161,25.0004,1
234,3.4,0.00161057,24.999,1
236,3.6,-0.00208261,24.9998,1
238,3.8,0.00161791,25,1
240,4,0.00241114,24.9987,1
242,4.2,0.00095863,24.9993,1
244,4.4,0.000195597,25,1
246,4.6,-0.00188203,24.9996,1
248,4.8,-0.00225749,25,1
250,5,-0.00164811,24.9994,1
252,5.2,0.000427073,24.9992,1
254,5.4,0.00223165,24.9992,1
256,5.6,0.00165142,24.9999,1
258,5.8,-0.00200323,24.9995,1
260,6,-0.00161908,24.9994,1
262,6.2,-0.000521148,25.0011,1
264,6.4,-0.000807008,25.0009,1
266,6.6,0.000873381,24.9986,1
268,6.8,-0.00447821,25.0001,1
270,7,-0.00385082,25.0002,1
272,7.2,0.00200395,24.9999,1
274,7.4,-0.000394995,24.9994,1
276,7.6,0.000515171,24.9993,1
278,7.8,-0.00102223,24.9992,1
280,8,0.00228423,24.999,1
282,8.2,0.000754753,24.9986,1
284,8.4,-0.00135863,24.9984,1
286,8.6,-0.000358386,25,1
288,8.8,0.000619778,24.999,1
290,9,0.00121664,24.9991,1
292,9.2,0.000757627,24.9996,1
294,9.4,0.00109004,24.9974,1
296,9.6,-0.00247487,24.9999,1
298,9.8,-0.000154033,25.001,1
300,10,-0.00039442,24.9988,1
302,10.2,0.00295965,24.9996,1
304,10.4,0.00375038,24.9995,1
306,10.6,-0.000307669,24.9997,1
308,10.8,-0.0014272,24.9987,1
310,11,-0.000964483,24.9988,1
312,11.2,0.00162956,24.9986,1
314,11.4,0.0007609,24.9985,1
316,11.6,0.00186323,24.9968,1
318,11.8,-0.00022909,24.999,1
320,12,-0.00189265,24.9996,1
322,12.2,0.000634395,24.9997,1
324,12.4,0.00210054,24.9992,1
326,12.6,-2.05526e-05,24.9978,1
328,12.8,-0.000127021,24.9982,1
330,13,0.000815542,24.9981,1
332,13.2,0.00627599,24.9972,1
334,13.4,0.0026795,24.998,1
336,13.6,-1.47592e-05,24.999,1
338,13.8,0.000507743,24.9973,1
340,14,0.00135459,24.998,1
342,14.2,-0.00336317,24.9982,1
344,14.4,-0.00136181,24.9974,1
346,14.6,0.00167818,24.9981,1
348,14.8,0.000260333,24.9994,1
350,15,0.00171325,24.9972,1
352,15.2,0.00144887,24.9975,1
354,15.4,-0.00316767,24.9962,1
356,15.6,-0.00149194,24.9989,1
358,15.8,0.000950923,24.997,1
360,16,0.000337789,24.9978,1
362,16.2,0.00161406,24.9983,1
364,16.4,0.00322447,24.9981,1
366,16.6,0.00162904,24.997,1
368,16.8,0.00118443,24.9964,1
370,17,-0.00114249,24.9959,1
372,17.2,0.000550952,24.9957,1
374,17.4,0.00493621,24.9963,1
376,17.6,0.00517034,24.9965,1
378,17.8,0.00481338,24.9965,1
380,18,0.00211912,24.9961,1
382,18.2,0.00292917,24.9949,1
384,18.4,0.00613507,24.9968,1
386,18.6,0.00224313,24.9963,1
388,18.8,0.00604798,24.994,1
390,19,0.00530845,24.9948,1
392,19.2,0.00586049,24.994,1
394,19.4,0.00303481,24.994,1
396,19.6,0.00756963,24.9943,1
398,19.8,0.00760057,24.9943,1
400,20,0.00485617,24.9931,1
402,20.2,0.00788545,24.9937,1
404,20.4,0.00801539,24.993,1
406,20.6,0.00848107,24.9939,1
408,20.8,0.00454936,24.9919,1
410,21,0.0140838,24.9918,1
412,21.2,0.00636523,24.9914,1
414,21.4,0.00773867,24.9904,1
416,21.6,0.0115645,24.9918,1
418,21.8,0.0126787,24.9907,1
420,22,0.0144293,24.9899,1
422,22.2,0.0115214,24.9892,1
424,22.4,0.0145504,24.9887,1
426,22.6,0.0133693,24.9882,1
428,22.8,0.01254,24.9872,1
430,23,0.0160579,24.9872,1
432,23.2,0.0171276,24.9881,1
434,23.4,0.018477,24.9864,1
436,23.6,0.0165056,24.9851,1
438,23.8,0.0203742,24.9847,1
440,24,0.0213823,24.984,1
442,24.2,0.0217365,24.9842,1
444,24.4,0.0243343,24.9833,1
446,24.6,0.0226538,24.9832,1
448,24.8,0.0244431,24.9837,1
450,25,0.0248214,24.9813,1
452,25.2,0.0256917,24.9814,1
454,25.4,0.0277541,24.9809,1
456,25.6,0.0256447,24.9815,1
458,25.8,0.0328575,24.9788,1
460,26,0.0279998,24.9782,1
462,26.2,0.0321359,24.9756,1
464,26.4,0.0323714,24.9754,1
466,26.6,0.0342307,24.9768,1
468,26.8,0.0363345,24.9737,1
470,27,0.0379913,24.9747,1
472,27.2,0.0356128,24.9735,1
474,27.4,0.0401882,24.972,1
476,27.6,0.0381814,24.9709,1
478,27.8,0.0413609,24.9687,1
480,28,0.0427688,24.9687,1
482,28.2,0.0426968,24.9672,1
484,28.4,0.0399609,24.967,1
486,28.6,0.0441776,24.9652,1
488,28.8,0.0445317,24.9649,1
490,29,0.0465145,24.9641,1
492,29.2,0.0457772,24.9632,1
494,29.4,0.0489702,24.962,1
496,29.6,0.0461077,24.9627,1
498,29.8,0.0468986,24.9606,1
500,30,0.0458793,24.9591,1
502,30.2,0.0434344,24.9579,1
504,30.4,0.0470089,24.9556,1
506,30.6,0.045932,24.9565,1
508,30.8,0.0498308,24.9533,1
510,31,0.0528012,24.9528,1
512,31.2,0.0488476,24.9523,1
514,31.4,0.0475624,24.9497,1
516,31.6,0.0484542,24.9507,1
518,31.8,0.0518039,24.9475,1
520,32,0.0523168,24.9475,1
522,32.2,0.0509354,24.9464,1
524,32.4,0.0506849,24.9444,1
526,32.6,0.0480008,24.9435,1
528,32.8,0.0488485,24.9433,1
530,33,0.0469699,24.9429,1
532,33.2,0.0477928,24.9401,1
534,33.4,0.0500106,24.9397,1
536,33.6,0.047601,24.9374,1
538,33.8,0.0458749,24.9359,1
540,34,0.0494985,24.9369,1
542,34.2,0.050345,24.9353,1
544,34.4,0.0467962,24.9344,1
546,34.6,0.04735,24.9325,1
548,34.8,0.0455195,24.9333,1
550,35,0.0408648,24.9295,1
552,35.2,0.0415175,24.9302,1
554,35.4,0.0448702,24.9283,1
556,35.6,0.0430564,24.9275,1
558,35.8,0.0414912,24.9261,1
560,36,0.0399845,24.9256,1
562,36.2,0.0413128,24.9264,1
564,36.4,0.0347173,24.9241,1
566,36.6,0.0372585,24.9235,1
568,36.8,0.0383513,24.9225,1
570,37,0.0368896,24.9203,1
572,37.2,0.0310617,24.9214,1
574,37.4,0.0356764,24.9186,1
576,37.6,0.0348306,24.919,1
578,37.8,0.0266113,24.9184,1
580,38,0.0284251,24.9178,1
582,38.2,0.0280039,24.9156,1
584,38.4,0.0253319,24.9152,1
586,38.6,0.029264,24.9142,1
588,38.8,0.0227228,24.9156,1
590,39,0.0288716,24.9138,1
592,39.2,0.0233019,24.9117,1
594,39.4,0.0202132,24.9124,1
596,39.6,0.0249206,24.9106,1
598,39.8,0.0214773,24.9106,1
600,40,0.0200615,24.9106,1
602,40.2,0.023683,24.9091,1
604,40.4,0.0204032,24.9099,1
606,40.6,0.0173522,24.9084,1
608,40.8,0.0144699,24.9088,1
610,41,0.0152092,24.907,1
612,41.2,0.0155621,24.9064,1
614,41.4,0.0126458,24.9063,1
616,41.6,0.0167679,24.906,1
618,41.8,0.0141886,24.9046,1
620,42,0.00871283,24.9067,1
622,42.2,0.0110196,24.9037,1
624,42.4,0.0109275,24.9049,1
626,42.6,0.00717079,24.9034,1
628,42.8,0.0103954,24.903,1
630,43,0.0108507,24.9041,1
632,43.2,0.00961032,24.9027,1
634,43.4,0.0081342,24.9022,1
636,43.6,0.00746299,24.9027,1
638,43.8,0.00664978,24.9029,1
640,44,0.0117741,24.9014,1
642,44.2,0.00698895,24.9022,1
644,44.4,0.00715306,24.9011,1
646,44.6,0.00458695,24.9018,1
648,44.8,0.00634314,24.9012,1
650,45,0.00322999,24.901,1
652,45.2,0.00598087,24.9002,1
654,45.4,0.00537752,24.9018,1
656,45.6,0.000205591,24.9003,1
658,45.8,0.0012881,24.8986,1
660,46,0.00283181,24.8999,1
662,46.2,0.00313903,24.8984,1
664,46.4,2.68794e-05,24.8987,1
666,46.6,0.00261605,24.8983,1
668,46.8,-0.000520131,24.9001,1
670,47,0.000575067,24.8985,1
672,47.2,0.000959663,24.898,1
674,47.4,0.00193323,24.8981,1
676,47.6,0.00290008,24.8973,1
678,47.8,-0.00131511,24.8996,1
680,48,0.00128283,24.8985,1
682,48.2,0.00358925,24.8982,1
684,48.4,0.00126367,24.8965,1
686,48.6,-0.00201116,24.8983,1
688,48.8,0.0023029,24.8979,1
690,49,-0.00230878,24.8957,1
692,49.2,-0.0012243,24.8963,1
694,49.4,0.00105459,24.8964,1
696,49.6,0.00374257,24.8966,1
698,49.8,-0.000474957,24.8976,1
700,50,0.001192,24.8962,1
702,50.2,0.00209453,24.8983,1
704,50.4,-0.00192526,24.8965,1
706,50.6,-0.00167902,24.8952,1
708,50.8,0.00158421,24.8971,1
710,51,0.00222258,24.8969,1
712,51.2,-0.00360991,24.8964,1
714,51.4,-0.00102844,24.8955,1
716,51.6,-0.00190704,24.8969,1
718,51.8,-0.000359573,24.8978,1
720,52,0.0011074,24.8947,1
722,52.2,0.00190951,24.8971,1
724,52.4,0.000215364,24.8952,1
726,52.6,0.00357469,24.895,1
728,52.8,-4.00613e-05,24.8945,1
730,53,-0.00232921,24.8947,1
732,53.2,0.00221556,24.8969,1
734,53.4,-0.000702053,24.8948,1
736,53.6,-4.04685e-05,24.8962,1
738,53.8,-0.00290242,24.8949,1
740,54,-0.000139444,24.8963,1
742,54.2,0.000198372,24.8961,1
744,54.4,-0.00238617,24.8938,1
746,54.6,0.000648891,24.895,1
748,54.8,-0.00020525,24.8954,1
750,55,0.000969363,24.895,1
752,55.2,0.00284506,24.8956,1
754,55.4,0.00105702,24.8961,1
756,55.6,0.00204642,24.8959,1
758,55.8,-0.00339682,24.895,1
760,56,0.00365014,24.8959,1
762,56.2,0.00111035,24.8958,1
764,56.4,-0.00124008,24.8949,1
766,56.6,-0.00125271,24.8963,1
768,56.8,0.000722223,24.8968,1
770,57,0.000983398,24.8969,1
772,57.2,0.000902683,24.8945,1
774,57.4,0.00341335,24.8956,1
776,57.6,0.0023387,24.8955,1
778,57.8,-0.000636081,24.8955,1
780,58,-0.00219415,24.8944,1
782,58.2,-0.00173732,24.8949,1
784,58.4,-0.00265537,24.8952,1
786,58.6,0.000599916,24.8969,1
788,58.8,0.00361266,24.8952,1
790,59,0.00173752,24.8951,1
792,59.2,0.000768569,24.8952,1
794,59.4,-0.00105991,24.8953,1
796,59.6,-0.00290313,24.8956,1
798,59.8,-0.000567891,24.8944,1
800,60,-0.000706122,24.8956,1
800,60.2,-0.0013367,24.8916,2
798,60.4,0.00111985,24.8924,2
796,60.6,-0.00213927,24.8911,2
794,60.8,0.00100524,24.8924,2
792,61,0.000514484,24.8918,2
790,61.2,-0.00289056,24.8908,2
788,61.4,0.00326905,24.891,2
786,61.6,0.00425677,24.8907,2
784,61.8,-0.000550757,24.89,2
782,62,0.00124944,24.8915,2
780,62.2,0.00397436,24.8915,2
778,62.4,-0.000498814,24.8902,2
776,62.6,-0.000167777,24.8921,2
774,62.8,0.00145422,24.8923,2
772,63,0.00169877,24.8914,2
770,63.2,0.00118509,24.8915,2
768,63.4,-0.00264007,24.8928,2
766,63.6,0.000728594,24.8906,2
764,63.8,0.000748198,24.8917,2
762,64,0.0019544,24.8926,2
760,64.2,-0.0060258,24.8919,2
758,64.4,0.00300647,24.8908,2
756,64.6,-0.00369588,24.8918,2
754,64.8,0.000639823,24.8919,2
752,65,-0.00222359,24.8912,2
750,65.2,0.000353341,24.8922,2
748,65.4,0.00430221,24.8919,2
746,65.6,-0.00123431,24.8898,2
744,65.8,0.00207993,24.8916,2
742,66,-0.000270445,24.891,2
740,66.2,0.00139445,24.8904,2
738,66.4,0.000146722,24.8919,2
736,66.6,0.000518006,24.8929,2
734,66.8,-0.000282545,24.892,2
732,67,0.00160079,24.8907,2
730,67.2,-0.000688718,24.892,2
728,67.4,0.00177228,24.8914,2
726,67.6,0.00145704,24.8924,2
724,67.8,-0.00310534,24.8909,2
722,68,-0.0030162,24.8923,2
720,68.2,0.000216971,24.8928,2
718,68.4,0.00141415,24.8918,2
716,68.6,0.00188303,24.893,2
714,68.8,0.000668695,24.8928,2
712,69,-0.00285431,24.8927,2
710,69.2,-0.00238419,24.8916,2
708,69.4,-0.00106391,24.8927,2
706,69.6,-0.000515608,24.8924,2
704,69.8,-0.00244173,24.8929,2
702,70,-0.00197558,24.8917,2
700,70.2,-0.000369767,24.894,2
698,70.4,-0.00141838,24.8921,2
696,70.6,0.00207667,24.8944,2
694,70.8,-0.00133097,24.893,2
692,71,-0.000400084,24.8956,2
690,71.2,-0.000637036,24.8941,2
688,71.4,-0.000109424,24.892,2
686,71.6,-0.00328146,24.8926,2
684,71.8,-0.000330903,24.8938,2
682,72,0.00225702,24.8936,2
680,72.2,-0.000814403,24.894,2
678,72.4,-0.00128309,24.8959,2
676,72.6,-0.00113533,24.8954,2
674,72.8,0.000729253,24.8938,2
672,73,-0.000654421,24.8942,2
670,73.2,-0.0019781,24.8947,2
668,73.4,-0.00234455,24.8944,2
666,73.6,0.000512646,24.8947,2
664,73.8,-0.00140648,24.8965,2
662,74,-0.0017909,24.8961,2
660,74.2,-0.00051819,24.8963,2
658,74.4,-0.000123435,24.8945,2
656,74.6,7.40507e-05,24.8959,2
654,74.8,-0.00761481,24.8956,2
652,75,-0.00722736,24.8963,2
650,75.2,-0.00775277,24.8957,2
648,75.4,-0.00454695,24.8969,2
646,75.6,-0.00710385,24.8968,2
644,75.8,-0.00610642,24.8973,2
642,76,-0.00634072,24.8974,2
640,76.2,-0.00501324,24.8965,2
638,76.4,-0.00821479,24.8982,2
636,76.6,-0.00851529,24.898,2
634,76.8,-0.00909658,24.8989,2
632,77,-0.00627017,24.8989,2
630,77.2,-0.00984731,24.8997,2
628,77.4,-0.0103788,24.8982,2
626,77.6,-0.00996522,24.8998,2
624,77.8,-0.0122755,24.901,2
622,78,-0.0116991,24.9004,2
620,78.2,-0.0168181,24.8999,2
618,78.4,-0.0131447,24.9016,2
616,78.6,-0.0130264,24.9023,2
614,78.8,-0.0156113,24.9016,2
612,79,-0.0176204,24.9029,2
610,79.2,-0.0185288,24.9041,2
608,79.4,-0.0197066,24.9026,2
606,79.6,-0.0182875,24.9031,2
604,79.8,-0.0155118,24.9043,2
602,80,-0.0197548,24.9054,2
600,80.2,-0.0221951,24.9048,2
598,80.4,-0.0251993,24.9075,2
596,80.6,-0.0203747,24.9091,2
594,80.8,-0.0262944,24.9084,2
592,81,-0.0243657,24.9093,2
590,81.2,-0.0263442,24.9099,2
588,81.4,-0.0245147,24.9105,2
586,81.6,-0.0244108,24.9105,2
584,81.8,-0.0252203,24.9108,2
582,82,-0.0259819,24.9099,2
580,82.2,-0.0302994,24.9123,2
578,82.4,-0.0313338,24.9145,2
576,82.6,-0.030909,24.9146,2
574,82.8,-0.0299455,24.9141,2
572,83,-0.0359738,24.9174,2
570,83.2,-0.0346763,24.9153,2
568,83.4,-0.0356258,24.9169,2
566,83.6,-0.0343132,24.9197,2
564,83.8,-0.0393053,24.9207,2
562,84,-0.040802,24.9214,2
560,84.2,-0.0388789,24.9215,2
558,84.4,-0.0437571,24.9223,2
556,84.6,-0.0463426,24.9231,2
554,84.8,-0.0462845,24.9255,2
552,85,-0.0453045,24.9236,2
550,85.2,-0.0429563,24.9269,2
548,85.4,-0.0458551,24.9294,2
546,85.6,-0.0439722,24.9288,2
544,85.8,-0.0474457,24.9275,2
542,86,-0.04579,24.9317,2
540,86.2,-0.0484814,24.9309,2
538,86.4,-0.0478834,24.9318,2
536,86.6,-0.0482388,24.9349,2
534,86.8,-0.0456377,24.9356,2
532,87,-0.048617,24.9371,2
530,87.2,-0.0465105,24.9374,2
528,87.4,-0.0520137,24.9382,2
526,87.6,-0.052268,24.9393,2
524,87.8,-0.0501306,24.9414,2
522,88,-0.0496598,24.9424,2
520,88.2,-0.0507142,24.9438,2
518,88.4,-0.0482013,24.9453,2
516,88.6,-0.0468941,24.9456,2
514,88.8,-0.0502537,24.9484,2
512,89,-0.0491555,24.9485,2
510,89.2,-0.0499828,24.9501,2
508,89.4,-0.0498149,24.9497,2
506,89.6,-0.0487785,24.9512,2
504,89.8,-0.0465856,24.9524,2
502,90,-0.047553,24.9537,2
500,90.2,-0.0466176,24.9545,2
498,90.4,-0.04454,24.9549,2
496,90.6,-0.0469265,24.9566,2
494,90.8,-0.0442235,24.9583,2
492,91,-0.0438717,24.9591,2
490,91.2,-0.0455606,24.9595,2
488,91.4,-0.0440396,24.961,2
486,91.6,-0.0420235,24.9627,2
484,91.8,-0.0398096,24.9634,2
482,92,-0.0424107,24.9636,2
480,92.2,-0.0399144,24.9657,2
478,92.4,-0.0352389,24.9665,2
476,92.6,-0.0346963,24.9688,2
474,92.8,-0.0393655,24.9692,2
472,93,-0.0340342,24.9702,2
470,93.2,-0.0353522,24.9708,2
468,93.4,-0.0353076,24.9708,2
466,93.6,-0.0333106,24.9731,2
464,93.8,-0.0327758,24.9733,2
462,94,-0.0312049,24.9727,2
460,94.2,-0.0298413,24.9746,2
458,94.4,-0.0307401,24.9754,2
456,94.6,-0.0297324,24.9749,2
454,94.8,-0.0268637,24.9761,2
452,95,-0.0282714,24.9757,2
450,95.2,-0.0252702,24.9779,2
448,95.4,-0.0252565,24.9785,2
446,95.6,-0.0264246,24.9793,2
444,95.8,-0.0215841,24.9799,2
442,96,-0.0227036,24.9803,2
440,96.2,-0.0202956,24.9817,2
438,96.4,-0.0190989,24.9816,2
436,96.6,-0.0202127,24.9826,2
434,96.8,-0.015555,24.9821,2
432,97,-0.0157776,24.9832,2
430,97.2,-0.016326,24.9825,2
428,97.4,-0.0119195,24.9825,2
426,97.6,-0.0140494,24.9841,2
424,97.8,-0.0116131,24.9845,2
422,98,-0.0130937,24.9858,2
420,98.2,-0.0115559,24.9853,2
418,98.4,-0.010426,24.9865,2
416,98.6,-0.00915649,24.9861,2
414,98.8,-0.0105931,24.9866,2
412,99,-0.0115685,24.9875,2
410,99.2,-0.00849656,24.9887,2
408,99.4,-0.00940633,24.9883,2
406,99.6,-0.00594249,24.9882,2
404,99.8,-0.00758875,24.9887,2
402,100,-0.0086062,24.9881,2
400,100.2,-0.00453868,24.9893,2
398,100.4,-0.00647559,24.9885,2
396,100.6,-0.00567424,24.9907,2
394,100.8,-0.00780676,24.9893,2
392,101,-0.00292588,24.9914,2
390,101.2,-0.00168736,24.99,2
388,101.4,-0.00325042,24.9901,2
386,101.6,-0.00309207,24.9906,2
384,101.8,-0.00344036,24.9922,2
382,102,-0.00287627,24.9911,2
380,102.2,-0.00317497,24.9917,2
378,102.4,-0.0040595,24.9919,2
376,102.6,-0.00161249,24.9931,2
374,102.8,-0.00669177,24.9911,2
372,103,-0.00484805,24.9929,2
370,103.2,0.0026575,24.9925,2
368,103.4,-0.00177872,24.9934,2
366,103.6,-0.00671072,24.9925,2
364,103.8,-0.00789801,24.9929,2
362,104,-0.00257094,24.9926,2
360,104.2,-0.000752382,24.9926,2
358,104.4,0.000902758,24.9932,2
356,104.6,-0.000435978,24.9953,2
354,104.8,-0.00197971,24.9942,2
352,105,-0.00263451,24.9945,2
350,105.2,0.00101236,24.9938,2
348,105.4,0.00114802,24.995,2
346,105.6,0.00198938,24.9938,2
344,105.8,-0.000785389,24.9948,2
342,106,-0.00353264,24.9935,2
340,106.2,0.000406527,24.9946,2
338,106.4,0.00318875,24.9956,2
336,106.6,0.000189292,24.9946,2
334,106.8,-0.00302329,24.9942,2
332,107,0.00014893,24.9942,2
330,107.2,-0.000213058,24.995,2
328,107.4,-0.00218397,24.9941,2
326,107.6,-0.00378945,24.9955,2
324,107.8,-0.00233078,24.9933,2
322,108,0.00130954,24.9946,2
320,108.2,0.00171944,24.9945,2
318,108.4,0.00403442,24.9954,2
316,108.6,0.000143877,24.995,2
314,108.8,-0.00054496,24.9956,2
312,109,0.00383346,24.9946,2
310,109.2,-0.00226183,24.9955,2
308,109.4,0.00201331,24.9939,2
306,109.6,-0.00145427,24.9943,2
304,109.8,0.00103475,24.9955,2
302,110,-0.00151815,24.9943,2
300,110.2,0.00128975,24.9936,2
298,110.4,0.00121893,24.9951,2
296,110.6,0.00374437,24.9961,2
294,110.8,-0.00118586,24.9951,2
292,111,-0.000583457,24.9948,2
290,111.2,0.000128944,24.9961,2
288,111.4,-0.00300302,24.9952,2
286,111.6,0.00292006,24.996,2
284,111.8,-0.00162692,24.9948,2
282,112,-0.00170493,24.9942,2
280,112.2,0.00225068,24.9956,2
278,112.4,-0.00138965,24.9944,2
276,112.6,-0.000769811,24.9951,2
274,112.8,0.00338045,24.9952,2
272,113,0.000217792,24.9964,2
270,113.2,0.00130683,24.9955,2
268,113.4,-0.00430367,24.9967,2
266,113.6,0.00117115,24.9953,2
264,113.8,-0.000180129,24.9949,2
262,114,-0.00177288,24.9945,2
260,114.2,0.000983037,24.9961,2
258,114.4,0.000340066,24.9963,2
256,114.6,0.00105123,24.9958,2
254,114.8,-0.00173978,24.9962,2
252,115,0.00233109,24.9962,2
250,115.2,0.00245135,24.9954,2
248,115.4,-0.00192616,24.9967,2
246,115.6,-0.00114827,24.996,2
244,115.8,-0.000375827,24.9958,2
242,116,-0.000532584,24.9954,2
240,116.2,-0.00350219,24.9973,2
238,116.4,0.000399065,24.9943,2
236,116.6,-0.00178082,24.9949,2
234,116.8,-0.00145698,24.9938,2
232,117,0.00112819,24.9971,2
230,117.2,-0.000483231,24.9964,2
228,117.4,0.00117841,24.9949,2
226,117.6,0.00239048,24.9945,2
224,117.8,-0.00112835,24.9956,2
222,118,0.0024633,24.996,2
220,118.2,-0.000243562,24.9952,2
218,118.4,0.000176404,24.9959,2
216,118.6,0.00143155,24.997,2
214,118.8,0.00144534,24.9959,2
212,119,-0.000299334,24.9971,2
210,119.2,0.000393678,24.9959,2
208,119.4,0.0035187,24.9971,2
206,119.6,0.00111432,24.9958,2
204,119.8,-0.0012423,24.9967,2
202,120,-0.000887077,24.9967,2
200,120.2,-0.00153326,24.996,2
200,120.4,0.000787984,24.992,3
202,120.6,0.000457755,24.9922,3
204,120.8,-0.00219721,24.991,3
206,121,-0.000287906,24.9933,3
208,121.2,-0.000243149,24.9912,3
210,121.4,-0.00129045,24.9919,3
212,121.6,0.00231306,24.9914,3
214,121.8,0.00109703,24.992,3
216,122,-0.000695681,24.9911,3
218,122.2,-0.000296992,24.9913,3
220,122.4,0.00105102,24.9905,3
222,122.6,0.00220511,24.9925,3
224,122.8,0.00113131,24.993,3
226,123,0.00117883,24.9905,3
228,123.2,0.000104452,24.9922,3
230,123.4,-0.00133474,24.991,3
232,123.6,0.000845994,24.9922,3
234,123.8,-0.000829592,24.9916,3
236,124,-0.000988617,24.9914,3
238,124.2,-0.000111684,24.9926,3
240,124.4,-0.00314077,24.9915,3
242,124.6,0.00315155,24.992,3
244,124.8,0.000301927,24.9924,3
246,125,-0.00195596,24.9908,3
248,125.2,-0.00323556,24.9906,3
250,125.4,0.000487528,24.9924,3
252,125.6,-0.000809909,24.9912,3
254,125.8,0.000790453,24.9922,3
256,126,0.00050357,24.9902,3
258,126.2,-0.00105822,24.9897,3
260,126.4,0.000477892,24.991,3
262,126.6,-0.00127305,24.9928,3
264,126.8,0.0025813,24.992,3
266,127,0.000543963,24.9918,3
268,127.2,-0.00113375,24.9916,3
270,127.4,0.00373334,24.9909,3
272,127.6,-0.00127961,24.9917,3
274,127.8,0.00174889,24.9922,3
276,128,-0.00186912,24.9914,3
278,128.2,-0.000500973,24.9906,3
280,128.4,0.000167559,24.9911,3
282,128.6,0.0018093,24.9918,3
284,128.8,-0.00149617,24.9915,3
286,129,-0.000669022,24.9909,3
288,129.2,-0.000918242,24.9922,3
290,129.4,-0.000772062,24.99,3
292,129.6,-0.00146986,24.992,3
294,129.8,0.00422907,24.9905,3
296,130,-0.000644574,24.991,3
298,130.2,-0.00268384,24.9916,3
300,130.4,-3.8444e-05,24.9914,3
302,130.6,0.00442281,24.991,3
304,130.8,0.00162069,24.9918,3
306,131,-0.00114964,24.9906,3
308,131.2,0.00312641,24.9916,3
310,131.4,0.0003884,24.9902,3
312,131.6,0.00184094,24.9914,3
314,131.8,0.0044119,24.9921,3
316,132,0.00171834,24.9911,3
318,132.2,0.000293952,24.9904,3
320,132.4,0.000793604,24.991,3
322,132.6,0.00148376,24.9916,3
324,132.8,0.000847968,24.9902,3
326,133,0.00183863,24.9918,3
328,133.2,-0.00132391,24.9909,3
330,133.4,0.00139848,24.9909,3
332,133.6,0.00135099,24.9903,3
334,133.8,0.000211999,24.9917,3
336,134,0.00382191,24.9892,3
338,134.2,-0.0044307,24.9905,3
340,134.4,-0.000754997,24.9897,3
342,134.6,-0.00248459,24.9903,3
344,134.8,0.000571101,24.9895,3
346,135,0.00249338,24.9917,3
348,135.2,0.00368859,24.9907,3
350,135.4,0.000103413,24.9902,3
352,135.6,0.000919125,24.9904,3
354,135.8,0.00222065,24.9894,3
356,136,0.00226798,24.9888,3
358,136.2,0.00284694,24.9904,3
360,136.4,0.000726728,24.9895,3
362,136.6,-0.00167641,24.9897,3
364,136.8,0.00340828,24.988,3
366,137,0.00524407,24.9888,3
368,137.2,-0.00134145,24.9875,3
370,137.4,0.00389668,24.9882,3
372,137.6,0.00453125,24.987,3
374,137.8,0.00239821,24.9888,3
376,138,0.00149022,24.9884,3
378,138.2,0.00234149,24.988,3
380,138.4,0.00391392,24.9893,3
382,138.6,0.00114468,24.9879,3
384,138.8,0.00638105,24.9863,3
386,139,0.00428816,24.9887,3
388,139.2,0.00648705,24.9844,3
390,139.4,0.00432093,24.9851,3
392,139.6,0.00572643,24.9857,3
394,139.8,0.00442159,24.9853,3
396,140,0.00648116,24.9854,3
398,140.2,0.00457002,24.9853,3
400,140.4,0.0075569,24.9845,3
402,140.6,0.00938788,24.9836,3
404,140.8,0.00850719,24.9843,3
406,141,0.011281,24.9838,3
408,141.2,0.00746802,24.9829,3
410,141.4,0.0131723,24.9841,3
412,141.6,0.00778765,24.983,3
414,141.8,0.00864067,24.9841,3
416,142,0.0119442,24.9809,3
418,142.2,0.0121951,24.9828,3
420,142.4,0.0124714,24.9821,3
422,142.6,0.0129587,24.9815,3
424,142.8,0.0143158,24.9803,3
426,143,0.0153314,24.9806,3
428,143.2,0.0153581,24.9794,3
430,143.4,0.0142623,24.9797,3
432,143.6,0.0186605,24.9771,3
434,143.8,0.0168605,24.9795,3
436,144,0.0205452,24.9774,3
438,144.2,0.0222793,24.9766,3
440,144.4,0.019021,24.9783,3
442,144.6,0.0206301,24.9761,3
444,144.8,0.0192104,24.9748,3
446,145,0.0210851,24.9749,3
448,145.2,0.0207709,24.9752,3
450,145.4,0.0246256,24.9732,3
452,145.6,0.0250732,24.9736,3
454,145.8,0.0302862,24.972,3
456,146,0.0314456,24.9729,3
458,146.2,0.031926,24.9711,3
460,146.4,0.0274295,24.9706,3
462,146.6,0.0305421,24.9695,3
464,146.8,0.0286799,24.9683,3
466,147,0.033803,24.967,3
468,147.2,0.0349172,24.9682,3
470,147.4,0.0357814,24.9655,3
472,147.6,0.0409472,24.9634,3
474,147.8,0.035479,24.9645,3
476,148,0.037061,24.9615,3
478,148.2,0.0396416,24.963,3
480,148.4,0.0384901,24.9626,3
482,148.6,0.0418868,24.9614,3
484,148.8,0.0387917,24.9594,3
486,149,0.045698,24.96,3
488,149.2,0.0459381,24.9574,3
490,149.4,0.0444816,24.9559,3
492,149.6,0.0469813,24.9548,3
494,149.8,0.0457602,24.9526,3
496,150,0.0432242,24.9546,3
498,150.2,0.0468646,24.9523,3
500,150.4,0.0430189,24.951,3
502,150.6,0.0518372,24.9487,3
504,150.8,0.0436187,24.9486,3
506,151,0.0476214,24.9474,3
508,151.2,0.0465583,24.9454,3
510,151.4,0.0469,24.9458,3
512,151.6,0.0494652,24.9448,3
514,151.8,0.0476456,24.9435,3
516,152,0.049026,24.9419,3
518,152.2,0.051795,24.9407,3
520,152.4,0.0493141,24.9382,3
522,152.6,0.0500971,24.9389,3
524,152.8,0.0486535,24.9371,3
526,153,0.046294,24.935,3
528,153.2,0.050346,24.9359,3
530,153.4,0.0487033,24.9324,3
532,153.6,0.0482668,24.9313,3
534,153.8,0.0481184,24.9329,3
536,154,0.0488392,24.9301,3
538,154.2,0.0498304,24.9288,3
540,154.4,0.0479488,24.9282,3
542,154.6,0.0476228,24.9258,3
544,154.8,0.0475482,24.9265,3
546,155,0.0410461,24.9226,3
548,155.2,0.0430855,24.9248,3
550,155.4,0.0441657,24.9232,3
552,155.6,0.0444591,24.9223,3
554,155.8,0.0413313,24.9201,3
556,156,0.0425016,24.92,3
558,156.2,0.0420416,24.9188,3
560,156.4,0.0390847,24.9185,3
562,156.6,0.0400616,24.9175,3
564,156.8,0.033216,24.9165,3
566,157,0.0324717,24.9149,3
568,157.2,0.0350004,24.914,3
570,157.4,0.0343959,24.9128,3
572,157.6,0.0347248,24.9124,3
574,157.8,0.0317765,24.9093,3
576,158,0.0308093,24.9109,3
578,158.2,0.0296762,24.91,3
580,158.4,0.0296004,24.9082,3
582,158.6,0.0316182,24.9095,3
584,158.8,0.028104,24.9074,3
586,159,0.0291937,24.9056,3
588,159.2,0.024585,24.9069,3
590,159.4,0.0270944,24.9049,3
592,159.6,0.0228033,24.9049,3
594,159.8,0.020591,24.9036,3
596,160,0.0219585,24.9014,3
598,160.2,0.0226448,24.9034,3
600,160.4,0.022664,24.901,3
602,160.6,0.0171118,24.901,3
604,160.8,0.0161843,24.9027,3
606,161,0.0159671,24.9003,3
608,161.2,0.0174635,24.9004,3
610,161.4,0.0191046,24.8987,3
612,161.6,0.0171747,24.8992,3
614,161.8,0.0123342,24.8987,3
616,162,0.0111241,24.8994,3
618,162.2,0.011726,24.8985,3
620,162.4,0.0150468,24.8968,3
622,162.6,0.0100075,24.897,3
624,162.8,0.00905141,24.8972,3
626,163,0.0108492,24.8955,3
628,163.2,0.00853445,24.8963,3
630,163.4,0.00643568,24.8967,3
632,163.6,0.00719763,24.8949,3
634,163.8,0.00638698,24.896,3
636,164,0.00935117,24.8954,3
638,164.2,0.00852733,24.8942,3
640,164.4,0.0101366,24.8944,3
642,164.6,0.0071951,24.894,3
644,164.8,0.00737296,24.8935,3
646,165,0.00518061,24.8917,3
648,165.2,0.00923459,24.8917,3
650,165.4,0.000493724,24.892,3
652,165.6,0.0082968,24.8933,3
654,165.8,0.00293079,24.8923,3
656,166,0.00378256,24.8903,3
658,166.2,0.00288399,24.8919,3
660,166.4,0.00562229,24.8905,3
662,166.6,-0.00146032,24.89,3
664,166.8,0.00346604,24.8912,3
666,167,0.00288783,24.8911,3
668,167.2,0.0016556,24.8897,3
670,167.4,0.00310191,24.8909,3
672,167.6,0.00317307,24.8915,3
674,167.8,-0.000618128,24.8885,3
676,168,-0.00185869,24.8919,3
678,168.2,-0.000264843,24.8904,3
680,168.4,0.00139798,24.8905,3
682,168.6,0.00772107,24.8894,3
684,168.8,0.000853313,24.8892,3
686,169,0.00157858,24.89,3
688,169.2,-0.000946598,24.8905,3
690,169.4,0.00319493,24.8897,3
692,169.6,0.000600912,24.8891,3
694,169.8,-0.0025404,24.8897,3
696,170,-0.00127205,24.8887,3
698,170.2,0.00260586,24.8882,3
700,170.4,-0.000488199,24.8896,3
702,170.6,0.00421579,24.8883,3
704,170.8,0.00266079,24.8882,3
706,171,0.00118538,24.889,3
708,171.2,-0.00190758,24.8894,3
710,171.4,0.00393052,24.8886,3
712,171.6,0.000837804,24.8875,3
714,171.8,0.00384379,24.8884,3
716,172,-0.00231158,24.8889,3
718,172.2,-0.00270689,24.8877,3
720,172.4,-0.0040695,24.8893,3
722,172.6,0.00459361,24.8877,3
724,172.8,-0.00115252,24.8877,3
726,173,-0.00099279,24.8885,3
728,173.2,0.00303981,24.8872,3
730,173.4,0.000990093,24.8865,3
732,173.6,0.00314474,24.8879,3
734,173.8,-0.00131399,24.8891,3
736,174,-0.000135289,24.889,3
738,174.2,0.0022164,24.8891,3
740,174.4,-0.00154013,24.8878,3
742,174.6,0.000789871,24.8876,3
744,174.8,0.00309268,24.8871,3
746,175,0.00204636,24.8888,3
748,175.2,-0.00386981,24.8869,3
750,175.4,-0.00177497,24.8872,3
752,175.6,0.000809189,24.8875,3
754,175.8,0.000182726,24.8872,3
756,176,-0.000141829,24.8879,3
758,176.2,0.00151005,24.8869,3
760,176.4,-0.000211003,24.8869,3
762,176.6,-0.000342062,24.8863,3
764,176.8,0.00192172,24.888,3
766,177,-0.000233741,24.8869,3
768,177.2,-0.000903127,24.8869,3
770,177.4,-0.00307872,24.8887,3
772,177.6,0.00658691,24.8864,3
774,177.8,-0.00232731,24.8878,3
776,178,0.00121693,24.8861,3
778,178.2,-0.00383711,24.8878,3
780,178.4,-0.00397896,24.8885,3
782,178.6,-0.000986699,24.8874,3
784,178.8,-3.12236e-06,24.8868,3
786,179,-0.000281471,24.887,3
788,179.2,0.00249131,24.8872,3
790,179.4,-6.20121e-05,24.8868,3
792,179.6,-0.00126679,24.8867,3
794,179.8,2.21937e-05,24.8887,3
796,180,0.00223187,24.8874,3
798,180.2,0.00333876,24.888,3
800,180.4,0.000415518,24.8871,3
800,180.6,-0.00219578,24.8834,4
798,180.8,-0.000632789,24.8819,4
796,181,-0.00257052,24.8848,4
794,181.2,0.000427165,24.8836,4
792,181.4,0.000398271,24.8829,4
790,181.6,0.000920709,24.8841,4
788,181.8,-0.000619936,24.8837,4
786,182,0.00204775,24.8829,4
784,182.2,0.000335956,24.8827,4
782,182.4,0.00120257,24.883,4
780,182.6,0.00228858,24.8827,4
778,182.8,0.00337338,24.8831,4
776,183,-0.00168573,24.8826,4
774,183.2,0.00131903,24.8827,4
772,183.4,0.00360166,24.8844,4
770,183.6,0.00102769,24.8823,4
768,183.8,-5.79028e-05,24.8828,4
766,184,-0.00363426,24.8838,4
764,184.2,0.00439025,24.883,4
762,184.4,0.00160369,24.8845,4
760,184.6,-0.00193857,24.8832,4
758,184.8,0.000517513,24.8839,4
756,185,-0.00231294,24.8837,4
754,185.2,-0.000239154,24.8843,4
752,185.4,-0.00322312,24.8832,4
750,185.6,-0.0010391,24.8834,4
748,185.8,0.00140834,24.8832,4
746,186,0.00543454,24.8831,4
744,186.2,0.00163314,24.8845,4
742,186.4,0.00187624,24.8836,4
740,186.6,-0.00171941,24.8836,4
738,186.8,0.00126328,24.8839,4
736,187,0.00108715,24.8843,4
734,187.2,-0.00185423,24.8831,4
732,187.4,0.00278511,24.8835,4
730,187.6,-0.00327821,24.8855,4
728,187.8,-0.00179013,24.8833,4
726,188,0.00179697,24.8832,4
724,188.2,-0.00189615,24.885,4
722,188.4,-0.0018126,24.8862,4
720,188.6,1.90803e-06,24.8864,4
718,188.8,4.26891e-05,24.8843,4
716,189,-0.00152342,24.8842,4
714,189.2,-0.0012703,24.8844,4
712,189.4,0.00124469,24.8834,4
710,189.6,-0.0021681,24.8828,4
708,189.8,0.00263907,24.8845,4
706,190,-0.000436761,24.8846,4
704,190.2,0.00155528,24.885,4
702,190.4,0.00119808,24.8847,4
700,190.6,-0.000797709,24.8848,4
698,190.8,-0.00433847,24.8858,4
696,191,-0.00383256,24.8843,4
694,191.2,0.000595711,24.8852,4
692,191.4,0.000804215,24.8866,4
690,191.6,0.0028208,24.8865,4
688,191.8,-0.00144319,24.8871,4
686,192,-0.00284823,24.8855,4
684,192.2,0.000800021,24.8855,4
682,192.4,-0.00154818,24.8855,4
680,192.6,0.00130109,24.8839,4
678,192.8,0.000985304,24.8869,4
676,193,-0.00184705,24.8866,4
674,193.2,-0.00379233,24.8872,4
672,193.4,0.00410089,24.8857,4
670,193.6,0.000595559,24.8866,4
668,193.8,-0.00306242,24.8864,4
666,194,-0.00296881,24.8859,4
664,194.2,-0.00552217,24.8884,4
662,194.4,-0.00307402,24.8877,4
660,194.6,-0.00266583,24.8879,4
658,194.8,-0.00660162,24.8869,4
656,195,-0.0025646,24.8887,4
654,195.2,-0.00641846,24.8876,4
652,195.4,-0.00658355,24.8888,4
650,195.6,-0.00409289,24.8886,4
648,195.8,-0.00643698,24.889,4
646,196,-0.00544864,24.8884,4
644,196.2,-0.00524244,24.8887,4
642,196.4,-0.00442298,24.89,4
640,196.6,-0.00814199,24.8903,4
638,196.8,-0.00709478,24.8895,4
636,197,-0.00954281,24.8891,4
634,197.2,-0.010485,24.891,4
632,197.4,-0.00634148,24.8905,4
630,197.6,-0.00899425,24.8917,4
628,197.8,-0.00833355,24.8921,4
626,198,-0.00804682,24.8927,4
624,198.2,-0.0126555,24.8928,4
622,198.4,-0.0164714,24.8927,4
620,198.6,-0.0124267,24.8937,4
618,198.8,-0.013776,24.8944,4
616,199,-0.0112598,24.8934,4
614,199.2,-0.0157418,24.8948,4
612,199.4,-0.0144516,24.8951,4
610,199.6,-0.0145708,24.8946,4
608,199.8,-0.0155037,24.8969,4
606,200,-0.01568,24.8969,4
604,200.2,-0.0192407,24.8974,4
602,200.4,-0.0198008,24.8963,4
600,200.6,-0.0217663,24.8981,4
598,200.8,-0.0225095,24.898,4
596,201,-0.0228802,24.8991,4
594,201.2,-0.0232319,24.9,4
592,201.4,-0.0239938,24.9014,4
590,201.6,-0.0250435,24.9016,4
588,201.8,-0.0287509,24.8996,4
586,202,-0.0281045,24.9032,4
584,202.2,-0.0289862,24.9029,4
582,202.4,-0.0317955,24.9049,4
580,202.6,-0.0313817,24.9051,4
578,202.8,-0.0290754,24.9061,4
576,203,-0.0278586,24.9064,4
574,203.2,-0.0314364,24.9079,4
572,203.4,-0.0356555,24.9082,4
570,203.6,-0.0364619,24.9082,4
568,203.8,-0.0357076,24.9093,4
566,204,-0.0339088,24.9102,4
564,204.2,-0.0393001,24.9118,4
562,204.4,-0.0401724,24.9127,4
560,204.6,-0.0412524,24.9125,4
558,204.8,-0.045739,24.9135,4
556,205,-0.0387205,24.9159,4
554,205.2,-0.0422759,24.9162,4
552,205.4,-0.0436622,24.9178,4
550,205.6,-0.0469035,24.918,4
548,205.8,-0.0466224,24.9207,4
546,206,-0.0476322,24.9217,4
544,206.2,-0.0470871,24.924,4
542,206.4,-0.0469065,24.9229,4
540,206.6,-0.0445963,24.9247,4
538,206.8,-0.0459214,24.9243,4
536,207,-0.0459817,24.9276,4
534,207.2,-0.0488619,24.927,4
532,207.4,-0.0511929,24.9294,4
530,207.6,-0.0487224,24.9297,4
528,207.8,-0.0520279,24.9321,4
526,208,-0.0480002,24.932,4
524,208.2,-0.0469366,24.9324,4
522,208.4,-0.0482089,24.9335,4
520,208.6,-0.0471783,24.9353,4
518,208.8,-0.0475262,24.9363,4
516,209,-0.0490917,24.9387,4
514,209.2,-0.0515548,24.9391,4
512,209.4,-0.0512341,24.9408,4
510,209.6,-0.0505178,24.941,4
508,209.8,-0.0494153,24.9434,4
506,210,-0.0507401,24.9436,4
504,210.2,-0.0489113,24.9443,4
502,210.4,-0.0493745,24.9457,4
500,210.6,-0.046906,24.9457,4
498,210.8,-0.0462817,24.9471,4
496,211,-0.0461261,24.951,4
494,211.2,-0.0474544,24.9502,4
492,211.4,-0.0453508,24.9521,4
490,211.6,-0.0450735,24.951,4
488,211.8,-0.0465936,24.9536,4
486,212,-0.042077,24.9553,4
484,212.2,-0.0428369,24.956,4
482,212.4,-0.0430423,24.9575,4
480,212.6,-0.0401791,24.9569,4
478,212.8,-0.0387793,24.9598,4
476,213,-0.0399059,24.9583,4
474,213.2,-0.0392986,24.9593,4
472,213.4,-0.0364086,24.9614,4
470,213.6,-0.0356609,24.9622,4
468,213.8,-0.031975,24.9626,4
466,214,-0.0358543,24.9619,4
464,214.2,-0.0318613,24.964,4
462,214.4,-0.031835,24.9656,4
460,214.6,-0.0294014,24.9648,4
458,214.8,-0.0312304,24.9669,4
456,215,-0.0285954,24.9685,4
454,215.2,-0.0283072,24.9667,4
452,215.4,-0.0239656,24.9677,4
450,215.6,-0.0272579,24.97,4
448,215.8,-0.0264561,24.9724,4
446,216,-0.0228938,24.9714,4
444,216.2,-0.0232892,24.9734,4
442,216.4,-0.0203981,24.9717,4
440,216.6,-0.0180463,24.9715,4
438,216.8,-0.0208239,24.9736,4
436,217,-0.0184897,24.9732,4
434,217.2,-0.0147399,24.9756,4
432,217.4,-0.0189251,24.9753,4
430,217.6,-0.0175012,24.9751,4
428,217.8,-0.0134597,24.9761,4
426,218,-0.014872,24.9765,4
424,218.2,-0.0162463,24.9779,4
422,218.4,-0.014675,24.9784,4
420,218.6,-0.0133839,24.9774,4
418,218.8,-0.00881596,24.9783,4
416,219,-0.0124105,24.9781,4
414,219.2,-0.00929015,24.9804,4
412,219.4,-0.00866752,24.979,4
410,219.6,-0.0115561,24.9791,4
408,219.8,-0.0089946,24.9801,4
406,220,-0.0095348,24.9813,4
404,220.2,-0.0096301,24.98,4
402,220.4,-0.0062347,24.9813,4
400,220.6,-0.00754698,24.9819,4
398,220.8,-0.00914294,24.9828,4
396,221,-0.00153555,24.9833,4
394,221.2,-0.0052744,24.9836,4
392,221.4,-0.00502957,24.9833,4
390,221.6,-0.0051806,24.9826,4
388,221.8,-0.00339766,24.9813,4
386,222,-0.00454545,24.9843,4
384,222.2,-0.00967509,24.9834,4
382,222.4,-0.00170674,24.9836,4
380,222.6,-0.00289753,24.9846,4
378,222.8,-0.00236796,24.9822,4
376,223,-0.00469554,24.9837,4
374,223.2,-0.00230097,24.9837,4
372,223.4,-0.00259609,24.9856,4
370,223.6,-0.00806038,24.9853,4
368,223.8,-0.000147338,24.985,4
366,224,-0.0018249,24.9847,4
364,224.2,-0.000975291,24.985,4
362,224.4,-0.00300722,24.9856,4
360,224.6,-0.00307915,24.9851,4
358,224.8,-0.00202222,24.9843,4
356,225,1.69334e-05,24.9853,4
354,225.2,-0.00341683,24.9854,4
352,225.4,-0.00374569,24.9867,4
350,225.6,0.000128341,24.9872,4
348,225.8,-0.00195428,24.9863,4
346,226,-0.00267927,24.9852,4
344,226.2,-0.000854966,24.9863,4
342,226.4,0.0012315,24.9858,4
340,226.6,0.00164511,24.9869,4
338,226.8,-0.00224822,24.986,4
336,227,-0.00228098,24.9876,4
334,227.2,-0.00150816,24.987,4
332,227.4,0.00145433,24.9862,4
330,227.6,-0.00130299,24.9868,4
328,227.8,-0.00184415,24.9855,4
326,228,-0.00219446,24.9869,4
324,228.2,0.00014199,24.9881,4
322,228.4,-0.00385754,24.9871,4
320,228.6,-0.0024924,24.9877,4
318,228.8,0.00121299,24.9869,4
316,229,0.00278201,24.9866,4
314,229.2,-0.00119311,24.9861,4
312,229.4,-0.00142967,24.9871,4
310,229.6,0.00123008,24.988,4
308,229.8,-0.000632057,24.9865,4
306,230,-0.000751993,24.9868,4
304,230.2,-0.00100725,24.9868,4
302,230.4,-0.00180121,24.9871,4
300,230.6,-0.0010792,24.9871,4
298,230.8,-0.00280748,24.9874,4
296,231,0.0010914,24.9878,4
294,231.2,-0.00113152,24.9864,4
292,231.4,-0.0026222,24.9864,4
290,231.6,-0.00130945,24.9871,4
288,231.8,-0.00355141,24.9879,4
286,232,-0.0030808,24.9869,4
284,232.2,-0.00145459,24.9881,4
282,232.4,0.00363093,24.9872,4
280,232.6,-0.000560943,24.9872,4
278,232.8,-0.000411191,24.9874,4
276,233,0.00488223,24.9867,4
274,233.2,-0.00022777,24.9869,4
272,233.4,0.000697589,24.9872,4
270,233.6,0.00113158,24.9867,4
268,233.8,0.0041765,24.9878,4
266,234,-0.00350846,24.9882,4
264,234.2,-0.000935662,24.9867,4
262,234.4,0.00086981,24.9873,4
260,234.6,0.00145795,24.9872,4
258,234.8,0.00178402,24.9878,4
256,235,0.000705069,24.9878,4
254,235.2,-0.000724166,24.9874,4
252,235.4,0.000892121,24.9883,4
250,235.6,-0.000809677,24.9895,4
248,235.8,0.00334556,24.9868,4
246,236,0.00214846,24.9877,4
244,236.2,0.000459781,24.9871,4
242,236.4,0.00326562,24.9871,4
240,236.6,-0.000161702,24.9872,4
238,236.8,0.00382042,24.9888,4
236,237,-0.00260747,24.9875,4
234,237.2,0.000719623,24.9875,4
232,237.4,-0.000699822,24.987,4
230,237.6,0.000495372,24.987,4
228,237.8,0.00164451,24.9897,4
226,238,-0.000643477,24.9891,4
224,238.2,0.000737078,24.9873,4
222,238.4,-0.000680251,24.9871,4
220,238.6,0.000226835,24.9884,4
218,238.8,0.00183719,24.9877,4
216,239,-0.00235476,24.9878,4
214,239.2,0.0033007,24.9881,4
212,239.4,-0.000124751,24.9863,4
210,239.6,-0.000854306,24.9883,4
208,239.8,-0.00186574,24.989,4
206,240,-0.00111565,24.9872,4
204,240.2,-0.00114323,24.9878,4
202,240.4,0.00197021,24.9875,4
200,240.6,-0.00351407,24.9879,4
200,240.8,0.0010305,24.9851,5
202,241,-0.00221157,24.9851,5
204,241.2,0.00133306,24.9843,5
206,241.4,-0.00151124,24.9832,5
208,241.6,-0.00188111,24.9846,5
210,241.8,0.000431801,24.9847,5
212,242,0.0035807,24.9839,5
214,242.2,-9.28215e-05,24.9854,5
216,242.4,-0.00256859,24.9835,5
218,242.6,-0.000727303,24.9836,5
220,242.8,0.000283188,24.9832,5
222,243,0.00228687,24.9828,5
224,243.2,-0.00160302,24.9825,5
226,243.4,-0.00275781,24.9843,5
228,243.6,0.00123875,24.9837,5
230,243.8,0.00166224,24.9843,5
232,244,-0.00113401,24.9838,5
234,244.2,0.000723247,24.9854,5
236,244.4,-0.000865221,24.9841,5
238,244.6,0.00107423,24.9848,5
240,244.8,0.000837394,24.9846,5
242,245,-0.00209138,24.9836,5
244,245.2,-0.00380599,24.9837,5
246,245.4,0.00458783,24.984,5
248,245.6,0.000177008,24.984,5
250,245.8,0.000287853,24.9827,5
252,246,-0.00135931,24.9836,5
254,246.2,0.000334621,24.983,5
256,246.4,-0.000204858,24.9831,5
258,246.6,-0.00258991,24.9832,5
260,246.8,-0.00157858,24.9843,5
262,247,0.00263884,24.9841,5
264,247.2,-0.000410722,24.9832,5
266,247.4,-0.0030807,24.9832,5
268,247.6,0.00308371,24.9845,5
270,247.8,0.000450401,24.9834,5
272,248,1.81218e-05,24.9839,5
274,248.2,-3.10574e-06,24.9839,5
276,248.4,-0.00150214,24.9836,5
278,248.6,-0.000674604,24.9844,5
280,248.8,-0.00242132,24.9845,5
282,249,-0.000148767,24.9831,5
284,249.2,6.46085e-05,24.9836,5
286,249.4,-0.0004323,24.9838,5
288,249.6,-0.00110659,24.9821,5
290,249.8,0.00140134,24.9834,5
292,250,0.00331146,24.9836,5
294,250.2,-0.00389126,24.9843,5
296,250.4,-0.00130379,24.9837,5
298,250.6,0.00441668,24.9841,5
300,250.8,-0.00208958,24.9831,5
302,251,-0.00308993,24.9837,5
304,251.2,0.00118235,24.9823,5
306,251.4,0.000977261,24.9838,5
308,251.6,0.00168517,24.9825,5
310,251.8,-0.00125082,24.9822,5
312,252,-0.00241614,24.9832,5
314,252.2,0.000216248,24.984,5
316,252.4,0.000693022,24.9826,5
318,252.6,-0.00262992,24.984,5
320,252.8,0.000517332,24.9828,5
322,253,-0.00175811,24.9819,5
324,253.2,0.00148506,24.9819,5
326,253.4,0.00141775,24.9831,5
328,253.6,-0.000450955,24.9813,5
330,253.8,0.00113999,24.9836,5
332,254,-0.00125057,24.9814,5
334,254.2,0.00254814,24.9825,5
336,254.4,-0.000770587,24.9832,5
338,254.6,-4.06403e-05,24.9826,5
340,254.8,-0.000233781,24.9815,5
342,255,0.0010453,24.9814,5
344,255.2,-0.00280752,24.9815,5
346,255.4,0.00316988,24.9827,5
348,255.6,0.00509078,24.9825,5
350,255.8,0.00407252,24.9819,5
352,256,0.000137866,24.9819,5
354,256.2,-0.000775319,24.982,5
356,256.4,0.000313705,24.9815,5
358,256.6,-0.000366231,24.9811,5
360,256.8,0.00335257,24.9809,5
362,257,0.000238387,24.9812,5
364,257.2,0.00343105,24.9807,5
366,257.4,-0.000438469,24.9795,5
368,257.6,-0.000608,24.9814,5
370,257.8,0.00202359,24.9808,5
372,258,0.00449363,24.9805,5
374,258.2,0.00353589,24.9797,5
376,258.4,-0.000351627,24.9804,5
378,258.6,0.00285038,24.9802,5
380,258.8,0.00119649,24.9794,5
382,259,0.00750328,24.9787,5
384,259.2,0.00402344,24.9801,5
386,259.4,0.00367552,24.979,5
388,259.6,0.000267835,24.9793,5
390,259.8,0.00391675,24.9795,5
392,260,0.00495896,24.9779,5
394,260.2,0.00636705,24.9778,5
396,260.4,0.00489933,24.9789,5
398,260.6,0.00825314,24.9776,5
400,260.8,0.00835171,24.9778,5
402,261,0.00836844,24.9769,5
404,261.2,0.00785677,24.9769,5
406,261.4,0.00933194,24.9766,5
408,261.6,0.00767774,24.9759,5
410,261.8,0.0102113,24.9749,5
412,262,0.00987742,24.9759,5
414,262.2,0.0108318,24.9747,5
416,262.4,0.0110873,24.9742,5
418,262.6,0.0137129,24.9739,5
420,262.8,0.00920543,24.9728,5
422,263,0.0137599,24.9735,5
424,263.2,0.0129775,24.9719,5
426,263.4,0.0143631,24.9718,5
428,263.6,0.014147,24.972,5
430,263.8,0.0147313,24.9717,5
432,264,0.0156078,24.9706,5
434,264.2,0.0174546,24.9716,5
436,264.4,0.0218534,24.9707,5
438,264.6,0.0182097,24.9694,5
440,264.8,0.0223451,24.9694,5
442,265,0.0182898,24.9682,5
444,265.2,0.020969,24.9682,5
446,265.4,0.0246194,24.9666,5
448,265.6,0.0285322,24.9662,5
450,265.8,0.030099,24.9656,5
452,266,0.0261404,24.9665,5
454,266.2,0.0262732,24.964,5
456,266.4,0.0311962,24.9636,5
458,266.6,0.0302522,24.9619,5
460,266.8,0.0338287,24.9629,5
462,267,0.0320363,24.9619,5
464,267.2,0.0313666,24.9602,5
466,267.4,0.0302733,24.96,5
468,267.6,0.0367671,24.9595,5
470,267.8,0.0371326,24.9586,5
472,268,0.0345064,24.9561,5
474,268.2,0.038523,24.9564,5
476,268.4,0.0401413,24.9551,5
478,268.6,0.0374096,24.9547,5
480,268.8,0.0389472,24.9522,5
482,269,0.0397232,24.9518,5
484,269.2,0.0395822,24.951,5
486,269.4,0.0444414,24.9522,5
488,269.6,0.0467542,24.9491,5
490,269.8,0.0463613,24.9483,5
492,270,0.0456296,24.9468,5
494,270.2,0.0453744,24.945,5
496,270.4,0.0496637,24.9446,5
498,270.6,0.0478955,24.9436,5
500,270.8,0.0478274,24.9421,5
502,271,0.0470663,24.9426,5
504,271.2,0.0494166,24.9393,5
506,271.4,0.0503245,24.9386,5
508,271.6,0.0495685,24.9389,5
510,271.8,0.0480538,24.9371,5
512,272,0.0490763,24.9365,5
514,272.2,0.0515406,24.936,5
516,272.4,0.0505288,24.9354,5
518,272.6,0.0481188,24.934,5
520,272.8,0.0494877,24.9321,5
522,273,0.049726,24.9304,5
524,273.2,0.0480919,24.9295,5
526,273.4,0.0537151,24.9281,5
528,273.6,0.0495161,24.9269,5
530,273.8,0.0507063,24.9255,5
532,274,0.0490016,24.9247,5
534,274.2,0.0512077,24.9241,5
536,274.4,0.0461924,24.9218,5
538,274.6,0.0478394,24.9218,5
540,274.8,0.0491939,24.9199,5
542,275,0.050914,24.9188,5
544,275.2,0.0489084,24.9189,5
546,275.4,0.0486431,24.9169,5
548,275.6,0.0459695,24.9145,5
550,275.8,0.040641,24.9142,5
552,276,0.04478,24.9144,5
554,276.2,0.0423828,24.9134,5
556,276.4,0.0428956,24.9127,5
558,276.6,0.0377979,24.9099,5
560,276.8,0.0381638,24.9088,5
562,277,0.0423628,24.9079,5
564,277.2,0.0365885,24.9074,5
566,277.4,0.0389996,24.9064,5
568,277.6,0.0377502,24.9063,5
570,277.8,0.0340797,24.9032,5
572,278,0.0325487,24.9032,5
574,278.2,0.0365526,24.9028,5
576,278.4,0.0302486,24.9028,5
578,278.6,0.0314429,24.901,5
580,278.8,0.0324715,24.9016,5
582,279,0.0298631,24.8996,5
584,279.2,0.026598,24.8979,5
586,279.4,0.0280548,24.899,5
588,279.6,0.0245035,24.898,5
590,279.8,0.0317407,24.8965,5
592,280,0.0209925,24.8971,5
594,280.2,0.0225351,24.8956,5
596,280.4,0.0236357,24.8953,5
598,280.6,0.0234276,24.8952,5
600,280.8,0.022831,24.8943,5
602,281,0.0154216,24.8947,5
604,281.2,0.0154307,24.8939,5
606,281.4,0.0183941,24.8915,5
608,281.6,0.017186,24.8927,5
610,281.8,0.0142302,24.8916,5
612,282,0.013985,24.8903,5
614,282.2,0.0134452,24.8915,5
616,282.4,0.0152472,24.8901,5
618,282.6,0.013013,24.8898,5
620,282.8,0.0130293,24.8894,5
622,283,0.00841909,24.8896,5
624,283.2,0.0094529,24.8865,5
626,283.4,0.0118808,24.8872,5
628,283.6,0.00961699,24.8877,5
630,283.8,0.00815458,24.8878,5
632,284,0.00822222,24.8868,5
634,284.2,0.00635092,24.8865,5
636,284.4,0.00568132,24.8865,5
638,284.6,0.00982683,24.8869,5
640,284.8,0.00760707,24.8848,5
642,285,0.0083464,24.8863,5
644,285.2,0.00995696,24.8836,5
646,285.4,0.00554521,24.8848,5
648,285.6,0.00727396,24.884,5
650,285.8,0.00403506,24.8863,5
652,286,0.00640013,24.8828,5
654,286.2,0.00417049,24.8851,5
656,286.4,0.00261766,24.8843,5
658,286.6,0.00374571,24.8826,5
660,286.8,0.00205566,24.8844,5
662,287,0.00536776,24.8828,5
664,287.2,0.00501873,24.8826,5
666,287.4,0.00307526,24.8829,5
668,287.6,-6.92501e-05,24.883,5
670,287.8,0.00143248,24.8805,5
672,288,0.000390328,24.8818,5
674,288.2,0.000213712,24.8816,5
676,288.4,0.000348696,24.8803,5
678,288.6,0.00331125,24.8821,5
680,288.8,0.0019285,24.8817,5
682,289,0.00143154,24.8816,5
684,289.2,-0.000950177,24.8805,5
686,289.4,0.001235,24.8823,5
688,289.6,0.00145333,24.8827,5
690,289.8,-0.00178058,24.8812,5
692,290,-0.000393039,24.8822,5
694,290.2,0.00408082,24.8808,5
696,290.4,0.00211541,24.8809,5
698,290.6,-0.00135082,24.8809,5
700,290.8,-0.0014922,24.8821,5
702,291,0.00166375,24.8817,5
704,291.2,0.0011589,24.8789,5
706,291.4,0.00198779,24.8807,5
708,291.6,-0.00432095,24.8807,5
710,291.8,0.00232179,24.8818,5
712,292,-0.00171325,24.8811,5
714,292.2,0.000923969,24.8803,5
716,292.4,-0.000316769,24.8807,5
718,292.6,0.00135066,24.8808,5
720,292.8,-0.00060934,24.8792,5
722,293,0.00276663,24.8812,5
724,293.2,-0.000956186,24.8801,5
726,293.4,0.00172634,24.8787,5
728,293.6,0.00110505,24.8819,5
730,293.8,0.000643633,24.8794,5
732,294,0.0041171,24.8799,5
734,294.2,0.000503216,24.8796,5
736,294.4,0.000431862,24.8785,5
738,294.6,-0.0024548,24.8787,5
740,294.8,0.00183458,24.8797,5
742,295,0.00232071,24.8782,5
744,295.2,-0.00113214,24.8808,5
746,295.4,-0.00151675,24.8783,5
748,295.6,-0.00142984,24.8794,5
750,295.8,6.31726e-06,24.8806,5
752,296,0.00264253,24.8808,5
754,296.2,0.00116808,24.8792,5
756,296.4,-0.000951785,24.8784,5
758,296.6,0.00252228,24.8805,5
760,296.8,0.000191948,24.8788,5
762,297,0.00134218,24.8799,5
764,297.2,0.000316451,24.8786,5
766,297.4,0.000481858,24.879,5
768,297.6,0.00146313,24.8799,5
770,297.8,0.00087419,24.8791,5
772,298,0.00300196,24.88,5
774,298.2,0.00250005,24.88,5
776,298.4,0.00130917,24.8797,5
778,298.6,-0.00209656,24.8779,5
780,298.8,-0.0018352,24.8798,5
782,299,0.00179431,24.8795,5
784,299.2,0.000179096,24.8807,5
786,299.4,-0.000777958,24.8779,5
788,299.6,-0.00303717,24.879,5
790,299.8,0.00137703,24.8798,5
792,300,-0.000432387,24.8799,5
794,300.2,-9.27288e-05,24.8787,5
796,300.4,-0.000741631,24.8798,5
798,300.6,0.00187459,24.8784,5
800,300.8,-0.00193967,24.8793,5
800,301,0.00417191,24.8743,6
798,301.2,-0.00245978,24.8755,6
796,301.4,0.000998632,24.8748,6
794,301.6,-5.20715e-05,24.8756,6
792,301.8,-0.00342257,24.8752,6
790,302,0.00117736,24.876,6
788,302.2,0.00228493,24.8752,6
786,302.4,-0.00283007,24.8763,6
784,302.6,0.00151002,24.8748,6
782,302.8,0.00202718,24.8761,6
780,303,-0.000277118,24.8735,6
778,303.2,-0.000923226,24.8748,6
776,303.4,-0.00164596,24.8753,6
774,303.6,-0.00212575,24.8757,6
772,303.8,0.00369626,24.8745,6
770,304,0.00203212,24.875,6
768,304.2,0.0010569,24.8753,6
766,304.4,0.00250436,24.8749,6
764,304.6,0.00142457,24.8749,6
762,304.8,0.000434757,24.8755,6
760,305,0.00211751,24.8743,6
758,305.2,-0.00266267,24.8766,6
756,305.4,0.000734992,24.8769,6
754,305.6,-0.00204275,24.8757,6
752,305.8,0.0011539,24.877,6
750,306,-0.000135397,24.8753,6
748,306.2,0.00136446,24.8756,6
746,306.4,-0.00150731,24.8763,6
744,306.6,-0.00377513,24.8749,6
742,306.8,0.00261282,24.8754,6
740,307,-0.000693331,24.8761,6
738,307.2,0.00212856,24.8762,6
736,307.4,-0.0019634,24.8754,6
734,307.6,0.00196752,24.8758,6
732,307.8,-0.00133124,24.8766,6
730,308,0.00212447,24.8776,6
728,308.2,-0.00222714,24.8755,6
726,308.4,-0.0014932,24.8763,6
724,308.6,-0.00108651,24.877,6
722,308.8,-0.00542817,24.8769,6
720,309,-0.00144984,24.876,6
718,309.2,0.000895418,24.8764,6
716,309.4,-0.00221921,24.8775,6
714,309.6,0.000858782,24.876,6
712,309.8,0.000109677,24.8756,6
710,310,-0.0027318,24.8763,6
708,310.2,0.000344868,24.8767,6
706,310.4,-0.0019234,24.8756,6
704,310.6,-0.00372965,24.878,6
702,310.8,0.000219272,24.8762,6
700,311,0.00176247,24.8773,6
698,311.2,-0.00141984,24.8765,6
696,311.4,0.00154705,24.8773,6
694,311.6,0.00244644,24.8774,6
692,311.8,-0.00196185,24.8768,6
690,312,-0.00227566,24.8775,6
688,312.2,-0.000496234,24.8779,6
686,312.4,-0.000207262,24.8768,6
684,312.6,-0.00159062,24.877,6
682,312.8,-0.000364932,24.8768,6
680,313,-0.00256098,24.8773,6
678,313.2,-0.00276415,24.8778,6
676,313.4,0.00124415,24.878,6
674,313.6,-0.00465022,24.8781,6
672,313.8,-0.000561089,24.8789,6
670,314,-0.00173017,24.8801,6
668,314.2,-0.000224425,24.8788,6
666,314.4,-0.000220545,24.8779,6
664,314.6,-0.00313657,24.8784,6
662,314.8,-0.00269235,24.8805,6
660,315,-0.00425107,24.8807,6
658,315.2,-0.00553793,24.8808,6
656,315.4,-0.0071274,24.8792,6
654,315.6,-0.00218639,24.88,6
652,315.8,-0.00416409,24.8803,6
650,316,-0.00442897,24.8804,6
648,316.2,-0.00704018,24.8805,6
646,316.4,-0.00529588,24.8803,6
644,316.6,-0.00500046,24.8826,6
642,316.8,-0.00951789,24.8811,6
640,317,-0.00731167,24.8818,6
638,317.2,-0.007043,24.8816,6
636,317.4,-0.00778003,24.8824,6
634,317.6,-0.00839078,24.8839,6
632,317.8,-0.00850346,24.8819,6
630,318,-0.0123581,24.8838,6
628,318.2,-0.0105577,24.8833,6
626,318.4,-0.013135,24.8839,6
624,318.6,-0.0113082,24.8839,6
622,318.8,-0.01247,24.8855,6
620,319,-0.0109425,24.8857,6
618,319.2,-0.013509,24.8846,6
616,319.4,-0.0123921,24.8873,6
614,319.6,-0.0121775,24.8875,6
612,319.8,-0.0148926,24.8873,6
610,320,-0.0162588,24.8885,6
608,320.2,-0.017577,24.8897,6
606,320.4,-0.0163882,24.8883,6
604,320.6,-0.0187675,24.8878,6
602,320.8,-0.0210736,24.8894,6
600,321,-0.0157971,24.8896,6
598,321.2,-0.0196937,24.8908,6
596,321.4,-0.0229908,24.8919,6
594,321.6,-0.0272416,24.8927,6
592,321.8,-0.0205787,24.8929,6
590,322,-0.0254364,24.8934,6
588,322.2,-0.0250178,24.8936,6
586,322.4,-0.0270688,24.8951,6
584,322.6,-0.0289857,24.8957,6
582,322.8,-0.0286673,24.8967,6
580,323,-0.0322427,24.8965,6
578,323.2,-0.0321652,24.8986,6
576,323.4,-0.0318605,24.8972,6
574,323.6,-0.0358286,24.9008,6
572,323.8,-0.0336867,24.8992,6
570,324,-0.0370999,24.9011,6
568,324.2,-0.0335362,24.9031,6
566,324.4,-0.0379763,24.9026,6
564,324.6,-0.0344834,24.9029,6
562,324.8,-0.0360982,24.9049,6
560,325,-0.0398534,24.9066,6
558,325.2,-0.0399759,24.9059,6
556,325.4,-0.0447223,24.9076,6
554,325.6,-0.0415885,24.9096,6
552,325.8,-0.0484445,24.9106,6
550,326,-0.042922,24.9118,6
548,326.2,-0.0432938,24.9118,6
546,326.4,-0.0446803,24.913,6
544,326.6,-0.0473748,24.9137,6
542,326.8,-0.0464995,24.9146,6
540,327,-0.0501426,24.9149,6
538,327.2,-0.0468193,24.9175,6
536,327.4,-0.0480426,24.9174,6
534,327.6,-0.0470034,24.9191,6
532,327.8,-0.0530393,24.9217,6
530,328,-0.0522072,24.9234,6
528,328.2,-0.0485218,24.9225,6
526,328.4,-0.0543164,24.9235,6
524,328.6,-0.0470117,24.9262,6
522,328.8,-0.049468,24.925,6
520,329,-0.05074,24.9273,6
518,329.2,-0.0490744,24.9286,6
516,329.4,-0.049218,24.9286,6
514,329.6,-0.0509993,24.9321,6
512,329.8,-0.052379,24.9329,6
510,330,-0.0448262,24.9338,6
508,330.2,-0.0517067,24.9354,6
506,330.4,-0.0522577,24.9359,6
504,330.6,-0.0490465,24.9377,6
502,330.8,-0.0455105,24.938,6
500,331,-0.0438178,24.9397,6
498,331.2,-0.0476775,24.9393,6
496,331.4,-0.0413751,24.9409,6
494,331.6,-0.04472,24.9422,6
492,331.8,-0.0457587,24.9421,6
490,332,-0.0444056,24.9443,6
488,332.2,-0.0414637,24.945,6
486,332.4,-0.0456207,24.9456,6
484,332.6,-0.0418403,24.9476,6
482,332.8,-0.0395058,24.9481,6
480,333,-0.0389885,24.9495,6
478,333.2,-0.0358553,24.9503,6
476,333.4,-0.0379308,24.9517,6
474,333.6,-0.0349008,24.9515,6
472,333.8,-0.037227,24.9529,6
470,334,-0.0394721,24.955,6
468,334.2,-0.0322611,24.9549,6
466,334.4,-0.0268103,24.9567,6
464,334.6,-0.0284157,24.9577,6
462,334.8,-0.0295779,24.9562,6
460,335,-0.0273508,24.9584,6
458,335.2,-0.0316389,24.9589,6
456,335.4,-0.0268412,24.9604,6
454,335.6,-0.0269627,24.9599,6
452,335.8,-0.0248197,24.9604,6
450,336,-0.0254665,24.9623,6
448,336.2,-0.027134,24.9627,6
446,336.4,-0.0271745,24.9623,6
444,336.6,-0.0248082,24.9636,6
442,336.8,-0.0200889,24.9642,6
440,337,-0.0187804,24.9649,6
438,337.2,-0.0200489,24.9658,6
436,337.4,-0.0192279,24.966,6
434,337.6,-0.0158771,24.966,6
432,337.8,-0.0148169,24.9661,6
430,338,-0.0166584,24.9661,6
428,338.2,-0.0164625,24.9692,6
426,338.4,-0.0139617,24.9694,6
424,338.6,-0.0167573,24.9681,6
422,338.8,-0.0122651,24.97,6
420,339,-0.0108417,24.9684,6
418,339.2,-0.0107933,24.9701,6
416,339.4,-0.0108965,24.9709,6
414,339.6,-0.0110449,24.9696,6
412,339.8,-0.0119726,24.9702,6
410,340,-0.0118715,24.9715,6
408,340.2,-0.00621393,24.9714,6
406,340.4,-0.00970853,24.9714,6
404,340.6,-0.0110757,24.9726,6
402,340.8,-0.00817288,24.9727,6
400,341,-0.00863578,24.9736,6
398,341.2,-0.00866424,24.9739,6
396,341.4,-0.00719531,24.9743,6
394,341.6,-0.00723979,24.9743,6
392,341.8,-0.00428023,24.9742,6
390,342,-0.00160192,24.9746,6
388,342.2,-0.00617301,24.9752,6
386,342.4,-0.00573255,24.9745,6
384,342.6,-0.00380714,24.9753,6
382,342.8,-0.000230718,24.974,6
380,343,-0.00378715,24.9764,6
378,343.2,-0.00334913,24.976,6
376,343.4,0.000165964,24.9749,6
374,343.6,-0.00250341,24.9767,6
372,343.8,-0.0035283,24.9749,6
370,344,-0.00414113,24.9765,6
368,344.2,-0.00165039,24.978,6
366,344.4,0.000730204,24.9755,6
364,344.6,0.000318275,24.9775,6
362,344.8,0.00159582,24.9768,6
360,345,-0.00251168,24.9772,6
358,345.2,0.00170711,24.9777,6
356,345.4,0.00211309,24.9779,6
354,345.6,-0.00223364,24.9767,6
352,345.8,0.00261638,24.9764,6
350,346,-0.00158458,24.9774,6
348,346.2,-0.00259646,24.9773,6
346,346.4,-0.000733891,24.9797,6
344,346.6,-0.000802945,24.9775,6
342,346.8,-0.000371775,24.9788,6
340,347,-0.00214499,24.9778,6
338,347.2,-0.00390616,24.9787,6
336,347.4,0.00087281,24.9794,6
334,347.6,-0.00274389,24.98,6
332,347.8,0.0013313,24.9782,6
330,348,-0.0010941,24.9782,6
328,348.2,-0.00266244,24.9791,6
326,348.4,-0.00145226,24.9781,6
324,348.6,0.000765953,24.9788,6
322,348.8,-0.00135385,24.9785,6
320,349,-0.00115169,24.9798,6
318,349.2,0.00178082,24.9783,6
316,349.4,-0.000232241,24.9799,6
314,349.6,-0.00069811,24.9803,6
312,349.8,0.000745113,24.9795,6
310,350,-0.00415896,24.9797,6
308,350.2,0.000565285,24.9795,6
306,350.4,0.000852109,24.9795,6
304,350.6,-0.00106748,24.9798,6
302,350.8,5.52676e-05,24.9784,6
300,351,-0.0020454,24.9793,6
298,351.2,0.000601854,24.9775,6
296,351.4,-0.0040712,24.9801,6
294,351.6,-6.3978e-05,24.9815,6
292,351.8,-0.00302555,24.9792,6
290,352,-0.00120182,24.9798,6
288,352.2,0.00272134,24.9806,6
286,352.4,-0.00199293,24.9804,6
284,352.6,-0.00239393,24.9797,6
282,352.8,0.000315099,24.98,6
280,353,-0.00157734,24.9805,6
278,353.2,-0.000147564,24.9795,6
276,353.4,-0.000532708,24.9787,6
274,353.6,0.00139714,24.9798,6
272,353.8,0.000878926,24.981,6
270,354,-0.0017006,24.9794,6
268,354.2,7.48531e-06,24.9803,6
266,354.4,-0.000353334,24.9804,6
264,354.6,0.000885961,24.9783,6
262,354.8,-0.00133688,24.9781,6
260,355,-0.000561544,24.9794,6
258,355.2,0.00114812,24.9798,6
256,355.4,-0.000127595,24.9807,6
254,355.6,0.00115872,24.9788,6
252,355.8,-0.00134869,24.98,6
250,356,0.00332235,24.9796,6
248,356.2,-0.000334549,24.98,6
246,356.4,0.00152692,24.9797,6
244,356.6,0.000574042,24.9794,6
242,356.8,-0.00107531,24.9792,6
240,357,0.00128571,24.9794,6
238,357.2,0.00107288,24.9801,6
236,357.4,0.00190095,24.9777,6
234,357.6,-0.00188626,24.9789,6
232,357.8,-0.000320059,24.9805,6
230,358,0.00494765,24.981,6
228,358.2,0.00265149,24.9801,6
226,358.4,-0.000755587,24.9803,6
224,358.6,-0.00425349,24.9806,6
222,358.8,1.67534e-05,24.9803,6
220,359,-0.00201057,24.979,6
218,359.2,-0.00125589,24.9798,6
216,359.4,0.0006818,24.9796,6
214,359.6,0.000682915,24.9804,6
212,359.8,-0.00226653,24.9798,6
210,360,-0.00304169,24.9795,6
208,360.2,0.00176778,24.9793,6
206,360.4,0.00364019,24.9803,6
204,360.6,0.00173795,24.98,6
202,360.8,0.00169007,24.9808,6
200,361,0.000209155,24.9795,6
