Temperature (C),Weight (%)
25.0,99.9891
26.0,100.0373
27.0,99.9962
28.0,99.9908
29.0,99.9859
30.0,99.9669
31.0,99.9898
32.0,100.0059
33.0,99.9900
34.0,99.9847
35.0,100.0073
36.0,100.0082
37.0,99.9906
38.0,100.0050
39.0,99.9799
40.0,100.0155
41.0,99.9793
42.0,99.9919
43.0,100.0009
44.0,99.9898
45.0,99.9753
46.0,100.0382
47.0,100.0267
48.0,99.9627
49.0,99.9986
50.0,99.9710
51.0,100.0012
52.0,99.9691
53.0,100.0051
54.0,100.0032
55.0,100.0254
56.0,100.0144
57.0,99.9808
58.0,100.0068
59.0,99.9779
60.0,99.9829
61.0,99.9734
62.0,99.9466
63.0,99.9902
64.0,99.9361
65.0,99.9678
66.0,99.9791
67.0,99.9671
68.0,99.9296
69.0,99.9425
70.0,99.9627
71.0,99.9646
72.0,99.9670
73.0,99.8924
74.0,99.9279
75.0,99.8996
76.0,99.9128
77.0,99.8526
78.0,99.8692
79.0,99.8708
80.0,99.8279
81.0,99.8153
82.0,99.7835
83.0,99.8029
84.0,99.7320
85.0,99.7149
86.0,99.6994
87.0,99.6711
88.0,99.6881
89.0,99.6204
90.0,99.5654
91.0,99.5583
92.0,99.5179
93.0,99.4801
94.0,99.4362
95.0,99.4090
96.0,99.3397
97.0,99.3019
98.0,99.2805
99.0,99.2315
100.0,99.2320
101.0,99.2229
102.0,99.1771
103.0,99.1315
104.0,99.1007
105.0,99.0538
106.0,99.0169
107.0,99.0296
108.0,98.9686
109.0,98.9836
110.0,98.9568
111.0,98.9577
112.0,98.9290
113.0,98.9165
114.0,98.8908
115.0,98.8574
116.0,98.8744
117.0,98.8857
118.0,98.8844
119.0,98.8838
120.0,98.8311
121.0,98.8265
122.0,98.8534
123.0,98.8263
124.0,98.8812
125.0,98.8337
126.0,98.7948
127.0,98.8107
128.0,98.8497
129.0,98.7812
130.0,98.8179
131.0,98.7861
132.0,98.8428
133.0,98.8016
134.0,98.7890
135.0,98.7746
136.0,98.7932
137.0,98.7563
138.0,98.7963
139.0,98.8475
140.0,98.8062
141.0,98.7986
142.0,98.7808
143.0,98.8096
144.0,98.7934
145.0,98.7858
146.0,98.8290
147.0,98.8104
148.0,98.7843
149.0,98.8303
150.0,98.8002
151.0,98.8109
152.0,98.8038
153.0,98.8239
154.0,98.8127
155.0,98.7939
156.0,98.8146
157.0,98.7929
158.0,98.8031
159.0,98.8325
160.0,98.7797
161.0,98.7801
162.0,98.7925
163.0,98.7905
164.0,98.8256
165.0,98.7691
166.0,98.8449
167.0,98.8311
168.0,98.7914
169.0,98.8038
170.0,98.7931
171.0,98.8132
172.0,98.8130
173.0,98.8148
174.0,98.8150
175.0,98.8378
176.0,98.7967
177.0,98.8137
178.0,98.7964
179.0,98.8008
180.0,98.8043
181.0,98.7990
182.0,98.8068
183.0,98.7834
184.0,98.7970
185.0,98.7882
186.0,98.7772
187.0,98.7862
188.0,98.7903
189.0,98.7971
190.0,98.7696
191.0,98.7950
192.0,98.7780
193.0,98.7840
194.0,98.8037
195.0,98.8217
196.0,98.8056
197.0,98.7904
198.0,98.7914
199.0,98.8262
200.0,98.7683
201.0,98.8223
202.0,98.7707
203.0,98.7876
204.0,98.8009
205.0,98.7957
206.0,98.8324
207.0,98.8097
208.0,98.7991
209.0,98.8187
210.0,98.8007
211.0,98.7842
212.0,98.8219
213.0,98.8293
214.0,98.8250
215.0,98.7770
216.0,98.8372
217.0,98.7918
218.0,98.8150
219.0,98.8233
220.0,98.8464
221.0,98.7684
222.0,98.7801
223.0,98.8231
224.0,98.8096
225.0,98.7939
226.0,98.7429
227.0,98.8086
228.0,98.7963
229.0,98.7488
230.0,98.8523
231.0,98.7510
232.0,98.7891
233.0,98.7999
234.0,98.8045
235.0,98.8147
236.0,98.7948
237.0,98.7824
238.0,98.7929
239.0,98.7588
240.0,98.7781
241.0,98.8386
242.0,98.7865
243.0,98.7984
244.0,98.8370
245.0,98.8205
246.0,98.8023
247.0,98.8143
248.0,98.7946
249.0,98.7821
250.0,98.8194
251.0,98.8025
252.0,98.8311
253.0,98.7947
254.0,98.7925
255.0,98.8066
256.0,98.7961
257.0,98.7937
258.0,98.7823
259.0,98.8047
260.0,98.8060
261.0,98.8355
262.0,98.7991
263.0,98.7652
264.0,98.8087
265.0,98.8444
266.0,98.7909
267.0,98.7838
268.0,98.7962
269.0,98.7433
270.0,98.7927
271.0,98.7956
272.0,98.7696
273.0,98.8104
274.0,98.7819
275.0,98.7627
276.0,98.7848
277.0,98.8112
278.0,98.8362
279.0,98.8230
280.0,98.8022
281.0,98.7882
282.0,98.7930
283.0,98.8169
284.0,98.7876
285.0,98.8057
286.0,98.8162
287.0,98.7793
288.0,98.7854
289.0,98.8054
290.0,98.7965
291.0,98.7935
292.0,98.7853
293.0,98.7940
294.0,98.8311
295.0,98.8210
296.0,98.7623
297.0,98.7943
298.0,98.7946
299.0,98.7929
300.0,98.7644
301.0,98.7882
302.0,98.7928
303.0,98.7757
304.0,98.7942
305.0,98.7392
306.0,98.7564
307.0,98.7867
308.0,98.7910
309.0,98.7787
310.0,98.7714
311.0,98.7823
312.0,98.7980
313.0,98.7924
314.0,98.7711
315.0,98.7611
316.0,98.7884
317.0,98.7754
318.0,98.7791
319.0,98.7530
320.0,98.7380
321.0,98.7546
322.0,98.7344
323.0,98.7646
324.0,98.7537
325.0,98.6887
326.0,98.7386
327.0,98.7453
328.0,98.7324
329.0,98.6952
330.0,98.6793
331.0,98.7062
332.0,98.6972
333.0,98.6679
334.0,98.6325
335.0,98.6126
336.0,98.6341
337.0,98.5978
338.0,98.5846
339.0,98.5892
340.0,98.5819
341.0,98.5002
342.0,98.5051
343.0,98.5193
344.0,98.4665
345.0,98.4318
346.0,98.4197
347.0,98.3509
348.0,98.3124
349.0,98.2967
350.0,98.2834
351.0,98.2254
352.0,98.1540
353.0,98.1183
354.0,98.0299
355.0,97.9491
356.0,97.8682
357.0,97.8290
358.0,97.7574
359.0,97.6560
360.0,97.5492
361.0,97.4350
362.0,97.3481
363.0,97.1999
364.0,97.0361
365.0,96.9434
366.0,96.7435
367.0,96.5904
368.0,96.3949
369.0,96.2121
370.0,95.9762
371.0,95.7574
372.0,95.4802
373.0,95.1889
374.0,94.8876
375.0,94.5861
376.0,94.2072
377.0,93.8643
378.0,93.4348
379.0,92.9834
380.0,92.5134
381.0,92.0210
382.0,91.5144
383.0,90.9108
384.0,90.2698
385.0,89.5810
386.0,88.9187
387.0,88.1094
388.0,87.2969
389.0,86.4171
390.0,85.5244
391.0,84.5169
392.0,83.4602
393.0,82.3674
394.0,81.1764
395.0,79.9440
396.0,78.6661
397.0,77.2529
398.0,75.9083
399.0,74.4366
400.0,72.8254
401.0,71.2332
402.0,69.5353
403.0,67.8441
404.0,66.0672
405.0,64.2515
406.0,62.3412
407.0,60.4473
408.0,58.5053
409.0,56.5452
410.0,54.6063
411.0,52.5553
412.0,50.5492
413.0,48.5308
414.0,46.5541
415.0,44.6003
416.0,42.6048
417.0,40.6710
418.0,38.7116
419.0,36.8838
420.0,35.0376
421.0,33.2838
422.0,31.5545
423.0,29.8769
424.0,28.2200
425.0,26.7051
426.0,25.2049
427.0,23.7994
428.0,22.4315
429.0,21.1559
430.0,19.8726
431.0,18.7217
432.0,17.6294
433.0,16.5929
434.0,15.5938
435.0,14.6740
436.0,13.8042
437.0,13.0058
438.0,12.2164
439.0,11.5060
440.0,10.7949
441.0,10.1529
442.0,9.5916
443.0,9.0831
444.0,8.5243
445.0,8.1064
446.0,7.6586
447.0,7.2540
448.0,6.8623
449.0,6.5184
450.0,6.2187
451.0,5.9091
452.0,5.6235
453.0,5.3570
454.0,5.1328
455.0,4.9320
456.0,4.7048
457.0,4.5101
458.0,4.3206
459.0,4.1855
460.0,4.0177
461.0,3.8709
462.0,3.7904
463.0,3.6449
464.0,3.5100
465.0,3.4371
466.0,3.3964
467.0,3.2742
468.0,3.1730
469.0,3.1060
470.0,3.0762
471.0,3.0096
472.0,2.9501
473.0,2.8907
474.0,2.8568
475.0,2.8340
476.0,2.7732
477.0,2.7235
478.0,2.6653
479.0,2.6702
480.0,2.6635
481.0,2.6189
482.0,2.5571
483.0,2.5629
484.0,2.5641
485.0,2.5071
486.0,2.5118
487.0,2.5097
488.0,2.5032
489.0,2.4261
490.0,2.4105
491.0,2.4407
492.0,2.4365
493.0,2.4059
494.0,2.4034
495.0,2.3875
496.0,2.4115
497.0,2.3373
498.0,2.3794
499.0,2.3433
500.0,2.3497
501.0,2.3278
502.0,2.3355
503.0,2.3486
504.0,2.3457
505.0,2.3767
506.0,2.3339
507.0,2.3420
508.0,2.3393
509.0,2.3349
510.0,2.3563
511.0,2.3279
512.0,2.3261
513.0,2.3191
514.0,2.3197
515.0,2.3170
516.0,2.3362
517.0,2.3157
518.0,2.3154
519.0,2.3120
520.0,2.3268
521.0,2.3016
522.0,2.3286
523.0,2.2980
524.0,2.3222
525.0,2.3457
526.0,2.3118
527.0,2.3049
528.0,2.2829
529.0,2.3202
530.0,2.3054
531.0,2.3227
532.0,2.2914
533.0,2.3143
534.0,2.3393
535.0,2.3113
536.0,2.2967
537.0,2.2772
538.0,2.3025
539.0,2.3154
540.0,2.3140
541.0,2.2800
542.0,2.2817
543.0,2.2825
544.0,2.2815
545.0,2.2960
546.0,2.3066
547.0,2.3392
548.0,2.3050
549.0,2.3297
550.0,2.2684
551.0,2.3313
552.0,2.3166
553.0,2.3095
554.0,2.3170
555.0,2.3128
556.0,2.3383
557.0,2.3164
558.0,2.2662
559.0,2.2660
560.0,2.3322
561.0,2.2987
562.0,2.3264
563.0,2.2936
564.0,2.2874
565.0,2.2935
566.0,2.3065
567.0,2.3039
568.0,2.2880
569.0,2.3108
570.0,2.3124
571.0,2.2821
572.0,2.2782
573.0,2.2614
574.0,2.2941
575.0,2.3003
576.0,2.2864
577.0,2.2882
578.0,2.2975
579.0,2.3007
580.0,2.3113
581.0,2.3165
582.0,2.3087
583.0,2.3222
584.0,2.2809
585.0,2.3120
586.0,2.3074
587.0,2.2794
588.0,2.2867
589.0,2.3088
590.0,2.3015
591.0,2.2752
592.0,2.2891
593.0,2.3302
594.0,2.3167
595.0,2.3016
596.0,2.3267
597.0,2.2821
598.0,2.2966
599.0,2.3190
600.0,2.2934
601.0,2.2779
602.0,2.3116
603.0,2.3317
604.0,2.2499
605.0,2.3031
