P/P0,Quantity adsorbed (cm3/g STP)
0.001180,33.0076
0.001392,38.0782
0.001643,43.3041
0.001939,49.3699
0.002288,55.7913
0.002700,62.9107
0.003185,70.1815
0.003759,78.3275
0.004435,86.4406
0.005234,95.3453
0.006176,104.2215
0.007288,113.4799
0.008599,123.0473
0.010147,133.7709
0.011974,144.6764
0.014129,156.7834
0.016672,168.6940
0.019673,182.4089
0.023214,196.5757
0.027393,211.3413
0.032324,226.6846
0.038142,242.3838
0.045008,257.8250
0.053109,273.3391
0.062669,289.1442
0.073949,304.7427
0.087260,319.7251
0.102967,333.0306
0.121501,345.8766
0.143371,357.5673
0.169177,368.4642
0.199629,378.1140
0.235563,387.7247
0.277964,396.8698
0.327997,402.8081
0.387037,409.4646
0.456703,418.0830
0.538910,422.6354
0.635914,428.9103
0.750378,434.2740
